author,date,section,subtitle,title,url,text
-,03/04/2019 18:34:47,TV,-,"Guedes perde a paciÃªncia com a esquerda: â€œPor que deram benefÃ­cios para bilionÃ¡rios, dinheiro para a JBS?â€",https://www.oantagonista.com/brasil/guedes-perde-paciencia-com-esquerda-por-que-deram-beneficios-para-bilionarios-dinheiro-para-jbs/,"Irritado com a frequente interrupÃ§Ã£o da bancada do barulho, Paulo Guedes perdeu a paciÃªncia e partiu para cima.â€œPor que nÃ£o botaram imposto sobre dividendos? Por que deram benefÃ­cios para bilionÃ¡rios? Por que deram dinheiro para a JBS? NÃ³s estamos hÃ¡ trÃªs meses, vocÃªs estiveram 18 anos no poder e nÃ£o tiveram coragem de mudar.â€"
-,03/04/2019 18:34:32,Brasil,-,â€œA escolha Ã© totalmente de vocÃªsâ€,https://www.oantagonista.com/brasil/escolha-e-totalmente-de-voces/,"Paulo Guedes volta a dizer que os deputados serÃ£o os responsÃ¡veis pelo resultado da reforma da PrevidÃªncia.Se a proposta for mesmo desidratada, reforÃ§ou o ministro, daqui a quatro anos o Brasil precisarÃ¡ de uma nova.â€œA escolha Ã© totalmente de vocÃªs. Meu papel Ã© muito pequenininho.â€"
-,03/04/2019 18:31:52,Brasil,-,FaÃ§a o que eu nÃ£o faÃ§o,https://www.oantagonista.com/brasil/faca-o-que-eu-nao-faco/,"Petistas, Ivan Valente e Jandira Feghali sÃ£o assim: querem ser escutados, mas nÃ£o deixam ninguÃ©m falar.Ã‰ o Ã³bvio, mas precisa ser registrado. Mais uma vez."
-,03/04/2019 18:30:19,Brasil,-,Guedes: â€˜VocÃªs tÃªm medo de cortar a aposentadoria dos militares?â€™,https://www.oantagonista.com/brasil/guedes-voces-tem-medo-de-cortar-aposentadoria-dos-militares/,"Depois de perder a paciÃªncia com os petistas na CCJ da CÃ¢mara, Paulo Guedes perguntou por que os parlamentares nÃ£o cortavam a aposentadoria dos militares â€“medida pela qual ele foi cobrado.â€œPor que vocÃªs nÃ£o cortam? VocÃªs sÃ£o o poder. TÃªm medo de fazer isso?â€, desafiou o ministro da Economia."
-,03/04/2019 18:20:14,Brasil,-,Paulo Guedes elogia Lula e o Bolsa FamÃ­lia,https://www.oantagonista.com/brasil/paulo-guedes-elogia-lula-e-o-bolsa-familia/,"Na sessÃ£o da CCJ em que foi constantemente atacado pelos petistas, Paulo Guedes fez elogios ao Bolsa FamÃ­lia e disse que Lula â€œmereceu ganharâ€ duas eleiÃ§Ãµes,.â€œVÃ¡rios governos que passaram gastaram R$ 300 bilhÃµes, R$ 400 bilhÃµes por ano pagando juros da dÃ­vida sem tomar nenhuma medida para corrigir. E o Lula chegou e pegou R$ 10 bilhÃµes sÃ³, e atingiu 40 milhÃµes de famÃ­lia favoravelmente com o Bolsa FamÃ­liaâ€, disse o ministro da Economia de Jair Bolsonaro.â€œIsso Ã© um impacto extraordinÃ¡rio. Mereceu ganhar uma eleiÃ§Ã£o, duas eleiÃ§Ãµes. Soube trabalhar. Com pouco dinheiro melhorou a vida de muitos de brasileirosâ€, acrescentou Guedes."
-,03/04/2019 18:05:24,Sociedade,-,VÃ©lez quer mudar livros didÃ¡ticos para â€˜resgatarâ€™ visÃ£o do regime militar,https://www.oantagonista.com/sociedade/velez-quer-mudar-livros-didaticos-para-resgatar-visao-regime-militar/,"Ricardo VÃ©lez RodrÃ­guez, ainda ministro da EducaÃ§Ã£o, disse em entrevista ao Valor que â€œhaverÃ¡ mudanÃ§as progressivasâ€ nos livros didÃ¡ticos para que â€œas crianÃ§as possam ter a ideia verÃ­dica, realâ€, do que foi a sua histÃ³ria.VÃ©lez referia-se ao golpe militar de 1964 e Ã  ditadura subsequente, que para o ministro nÃ£o sÃ£o uma coisa nem outra.â€œA histÃ³ria brasileira mostra que o 31 de marÃ§o de 1964 foi uma decisÃ£o soberana da sociedade brasileira. Quem colocou o presidente Castello Branco no poder nÃ£o foram os quartÃ©is.â€Sobre o regime militar, que durou atÃ© 1985, VÃ©lez afirmou que surgiu â€œde uma composiÃ§Ã£o e de uma decisÃ£o polÃ­tica [â€¦] em que o Executivo chamou a si mais funÃ§Ãµesâ€.Quem vai ficar milionÃ¡rio vendendo â€œlivros de direitaâ€ para o MEC?"
-,03/04/2019 17:57:01,Brasil,-,Presidente do STJ repreende juÃ­zes que nÃ£o seguem precedentes,https://www.oantagonista.com/brasil/presidente-stj-repreende-juizes-que-nao-seguem-precedentes/,"Em discurso durante homenagens aos 30 anos do Superior Tribunal de JustiÃ§a, o presidente da Corte, JoÃ£o OtÃ¡vio de Noronha reprovou juÃ­zes que decidem â€œÃ  reveliaâ€ da jurisprudÃªncia firmada nos tribunais superiores.â€œO STJ diz, mas parte da magistratura, parece que desdiz. NÃ£o hÃ¡ justificativas para essa queda de braÃ§o. Para essa tendÃªncia que por aÃ­ se nomeia jurisprudÃªncia-imprudÃªncia-lotÃ©rica, julgar desconsiderando a forÃ§a do precedente Ã© improdutivo, protelatÃ³rio e contra a prÃ³pria lei.â€Ã‰ um bom recado para quem solta condenados em segunda instÃ¢ncia."
-,03/04/2019 17:41:06,Brasil,-,O destaque da OAB nos 30 anos do STJ,https://www.oantagonista.com/brasil/o-destaque-da-oab-nos-30-anos-stj/,"Na homenagem aos 30 anos do Superior Tribunal de JustiÃ§a, o novo presidente da OAB destacou dois julgamentos recentes da Corte, â€œno momento que certa intolerÃ¢ncia toma parte de nossa populaÃ§Ã£oâ€.â€œJulgados simples, um de 2011, do casamento civil de homoafetivos, e um de 2017, de desnecessidade de cirurgia de transgenitalizaÃ§Ã£o para retificaÃ§Ã£o de registro de transgÃªneros e transexuais. Esse sempre foi o tribunal da coragem, sempre foi o tribunal da democraciaâ€, disse Felipe Santa Cruz.As duas decisÃµes sÃ³ passaram a ter mais forÃ§a apÃ³s entendimentos similares fixados posteriormente pelo STF.Santa Cruz disse confiar no STJ â€œnum momento de polarizaÃ§Ã£o e transiÃ§Ã£o do povo brasileiroâ€."
-,03/04/2019 17:38:31,Brasil,-,O mais vermelho dos bispos vermelhos,https://www.oantagonista.com/brasil/o-mais-vermelho-dos-bispos-vermelhos/,"Os petistas Humberto Costa, Paulo Rocha e Wadih Damous estiveram na CNBB hoje para, segundo eles, discutir a reforma da PrevidÃªncia e o pacote anticrime de Sergio Moro.O grupo foi recebido porÂ dom Leonardo Steiner, o mais vermelho dos bispos vermelhos."
-,03/04/2019 17:37:35,Economia,-,"Com fala de Guedes, dÃ³lar fecha em alta",https://www.oantagonista.com/economia/com-fala-de-guedes-dolar-fecha-em-alta/,"O dÃ³lar comercial fechou hoje a R$ 3,879 na venda â€“alta de 0,56%, depois de quatro quedas consecutivas.A moeda americana comeÃ§ou o dia em trajetÃ³ria de queda, invertida apÃ³s o inÃ­cio da audiÃªncia pÃºblica de Paulo Guedes na CCJ da CÃ¢mara."
-,03/04/2019 17:35:51,Brasil,-,Collor se afasta e ex-prefeita condenada assume vaga no Senado,https://www.oantagonista.com/brasil/collor-se-afasta-e-ex-prefeita-condenada-assume-vaga-no-senado/,"Alegando motivos pessoais, Fernando Collor se afastou do Senado.Renilde BulhÃµes, ex-prefeita de Santana do Ipanema (AL), ficarÃ¡ no lugar dele pelos prÃ³ximos quatro meses. Ela tomou posse hÃ¡ pouco.No ano passado, Renilde foi condenada pela 1Âª CÃ¢mara CÃ­vel do Tribunal de JustiÃ§a de Alagoas, por improbidade administrativa. Em razÃ£o disso, nÃ£o pode se candidatar, mas pode virar senadora."
-,03/04/2019 17:33:26,Brasil,-,"â€œÃ‰ muito dura a vida quando vocÃª nÃ£o anda em bandoâ€, diz Guedes",https://www.oantagonista.com/brasil/e-muito-dura-vida-quando-voce-nao-anda-em-bando-diz-guedes/,"Â Paulo Guedes rebateu acusaÃ§Ãµes de petistas de que Ã© um â€œrentistaâ€. O ministro prefere ser chamado de empreendedor.â€œSe me conhecesse um pouco mais, saberia que o banco foi uma das cinco, seis, sete, oitoâ€¦ dez instituiÃ§Ãµes que criei. Existe MBA executivo no Brasil, fui eu que criei. A Abril EducaÃ§Ã£o saiu de zero para 1 milhÃ£o de alunos com o melhor conteÃºdo educacional para ensino bÃ¡sico, em cinco, seis anos,Â eu fiz essa empresa.â€Guedes diz ainda que ajudouÂ â€œvÃ¡rias empresas de ensino superior a irem para o mercado se capitalizarâ€. â€œNa hora em que houve uma desregulamentaÃ§Ã£o e possibilitaram os investimentos, eu sabia que era uma forma melhor de contribuir para o pais do que apostar contra planos malfadados.â€O ministro diz que foi â€œcom tudoâ€ no setor educacional e que preferia ter sido professor. â€œInvesti muito e acho que dei algumas contribuiÃ§Ãµes. E, ultimamente, estava investindo em saÃºde, atÃ© vir para cÃ¡. Eu fui um empreendedor a vida toda. Preferia ter sido professor, mas a vida brasileira era tÃ£o ideologizada, que, quando cheguei de fora, fui carimbado. Ao mesmo tempo, nÃ£o me identificava com o pessoal que era do outro lado. Eu era um professor independente.â€Guedes diz que nÃ£o â€œera de patota nenhuma, nem tribo nenhumaâ€.â€œÃ‰ muito dura a vida quando vocÃª nÃ£o anda em bando. NÃ£o tem turma pra te proteger, nÃ£o tem grupo polÃ­tico, nÃ£o tem nada.â€"
-,03/04/2019 17:30:09,Brasil,-,CPI do BNDES convoca Palocci e Mantega,https://www.oantagonista.com/brasil/cpi-bndes-convoca-palocci-e-mantega/,"Enquanto os deputados de oposiÃ§Ã£o acompanhavam a audiÃªncia de Paulo Guedes na CCJ, a CPI do BNDES aprovou a convocaÃ§Ã£o deÂ Antonio PalocciÂ e GuidoÂ Mantega.AlÃ©m dos ex-ministros da Fazenda, a comissÃ£o â€“criada para apurar a possÃ­vel prÃ¡tica de irregularidades no banco durante os governos do PTâ€“ convocouÂ Luciano Coutinho,Â Carlos LessaÂ eÂ Demian Fiocca, ex-presidentes do BNDES.Margarida SalomÃ£o, do PT mineiro, chegou pouco depois da votaÃ§Ã£o na CPI e reclamou dos colegas.Â â€œCheguei aqui correndo como uma atleta e, infelizmente, nÃ£o cheguei a tempo de votar.â€O tucano Vanderlei Macris, que preside a comissÃ£o, afirmou que a oposiÃ§Ã£o â€œdormiu no pontoâ€.Â "
-,03/04/2019 17:25:49,Economia,-,Guedes propÃµe um â€œimposto de renda negativoâ€,https://www.oantagonista.com/economia/guedes-propoe-um-imposto-de-renda-negativo/,"Na audiÃªncia pÃºblica na CCJ, Paulo Guedes defendeu o â€œimposto de renda negativoâ€, ao discorrer sobre o sistema de capitalizaÃ§Ã£o.O imposto de renda negativo seria um complemento dado ao trabalhador que nÃ£o acumulasse na sua prÃ³pria previdÃªncia o suficiente para receber um salÃ¡rio mÃ­nimo por mÃªs.Se o salÃ¡rio mÃ­nimo fosse de 1.000 reais, mas ele tivesse acumulado um total que lhe garantisse apenas 750 reais por mÃªs, o governo lhe daria mais 250 reais."
-,03/04/2019 17:23:36,Brasil,-,Os petistas nÃ£o aplaudem,https://www.oantagonista.com/brasil/os-petistas-nao-aplaudem/,"Paulo Guedes, muito mais sereno que o habitual, disse com franqueza que pode â€œestar errandoâ€ em algum ponto, mas acrescentou que estÃ¡ buscando o melhor e fazendo o seu melhor.Os deputados aplaudiram â€” menos os petistas."
-,03/04/2019 17:21:25,Brasil,-,STJ tambÃ©m faz auto-homenagem,https://www.oantagonista.com/brasil/stj-tambem-faz-auto-homenagem/,"AlÃ©m do STF, o Superior Tribunal de JustiÃ§a tambÃ©m faz hoje uma homenagem a si mesmo, para comemorar seus 30 anos de aniversÃ¡rio.Os Correios deram de presente um selo especial e um carimbo.Assim como na Corte Suprema, os ministros nÃ£o realizam sessÃµes de julgamento na tarde desta quarta para participar das solenidades, repletas de advogados."
-,03/04/2019 17:17:40,Economia,-,Guedes e toda a verdade sobre o passado e o futuro,https://www.oantagonista.com/economia/guedes-e-toda-a-verdade-sobre-o-passado-e-o-futuro/,"Paulo Guedes, na audiÃªncia pÃºblica na CCJ:â€œAno passado gastamos R$ 700 bilhÃµes com a PrevidÃªncia, que Ã© o nosso passadoâ€¦, e gastamos R$ 70 bilhÃµes com educaÃ§Ã£o, que Ã© o futuro. Gastamos dez vezes mais com a PrevidÃªncia que com o futuro, que Ã© a educaÃ§Ã£o.â€Verdade, toda a verdade, nada mais do que a verdade."
-,03/04/2019 17:16:42,Brasil,-,MourÃ£o e a â€˜velha polÃ­ticaâ€™,https://www.oantagonista.com/brasil/mourao-e-velha-politica/,"Hamilton MourÃ£o sinalizou hoje a jornalistas ser possÃ­vel que o governo ofereÃ§a cargos para criar ou manter sua base aliada.Ele disse:â€œPrimeiro lugar, o governo tem queÂ terÂ clareza em apresentar suas propostas, de modo que traga os partidos em torno dessas propostas. Esse Ã© o ponto focal. A partir daÃ­, no momento em que esses partidos estejam concordando com o que o governo pretende fazer, Ã© obvio queÂ terÃ£o algum tipo de participaÃ§Ã£o, seja cargos nos estados ou em algum ministÃ©rio, isso Ã© decisÃ£o do presidente.â€"
-,03/04/2019 17:12:06,Sociedade,-,Moro vai Ã  CÃ¢mara debater pacote anticrime na terÃ§a,https://www.oantagonista.com/sociedade/moro-vai-camara-debater-pacote-anticrime-na-terca/,"Sergio Moro irÃ¡ Ã  CÃ¢mara na prÃ³xima terÃ§a (16) para discutir o pacote anticrime que tramita no Congresso, relata o UOL.A informaÃ§Ã£o foi confirmada ao portal por Margareth Coelho, deputada do PP piauiense e coordenadora do grupo de trabalho da CÃ¢mara responsÃ¡vel por analisar o projeto.Segundo Margareth,Â a reuniÃ£o deverÃ¡ ser apenas entre o ministro da JustiÃ§a e os integrantes do grupo, criado por Rodrigo Maia para a anÃ¡lise do pacote anticrime."
-,03/04/2019 17:11:05,Brasil,-,Ciro chama FlÃ¡vio Bolsonaro de â€˜mentecaptoâ€™,https://www.oantagonista.com/brasil/ciro-chama-flavio-bolsonaro-de-mentecapto/,"Ciro Gomes sugeriu, no Twitter, que a ComissÃ£o de Ã‰tica do Senado seja acionada em razÃ£o da mensagem â€”  â€” de FlÃ¡vio Bolsonaro contra o Hamas.O pedetista chamou o filho do presidente de mentecapto."
-,03/04/2019 17:07:16,Sociedade,-,Moro sugere â€˜escritÃ³rios integradosâ€™ contra o crime,https://www.oantagonista.com/sociedade/moro-sugere-escritorios-integrados-contra-o-crime/,"Em palestra no Rio hoje, Sergio MoroÂ disse que pretende â€œser um parceiro dos estados, Distrito Federal e municÃ­pios no combate ao crimeâ€.â€œÃ‰ um desafio, mas podemos avanÃ§ar se agirmos em conjuntoâ€, sugeriu o ministro da JustiÃ§a no discurso de abertura de um seminÃ¡rio dentro da feira de defesa e seguranÃ§a que vai atÃ© sexta-feira, 5, no Riocentro.Para Moro, â€œa saÃ­da Ã© criar escritÃ³rios integrados envolvendo Ã³rgÃ£os como a Receita Federal, as polÃ­cias e Ã³rgÃ£os internacionais para aÃ§Ãµes operacionais e de inteligÃªnciaâ€."
-,03/04/2019 17:07:01,Brasil,-,â€œEterno deputadoâ€,https://www.oantagonista.com/brasil/eterno-deputado/,"Major Vitor Hugo (PSL), lÃ­der do governo na CÃ¢mara, aproveitou seu tempo de pergunta para render elogios a Jair Bolsonaro, segundo ele, â€œeterno deputadoâ€.Ele leu o discurso."
-,03/04/2019 17:05:51,Brasil,-,LÃ­der do governo tece elogios a Guedes,https://www.oantagonista.com/brasil/lider-governo-tece-elogios-guedes/,"Chegou a vez do lÃ­der do governo na CÃ¢mara, Major Vitor Hugo.O deputado preparou uma lista de elogios a Paulo Guedes. Ele parabeniza o ministro, por exemplo, pela â€œarticulaÃ§Ã£o polÃ­tica, mesmo nÃ£o sendo do mundo polÃ­ticoâ€."
-,03/04/2019 16:59:39,Brasil,-,A memÃ³ria de Guedes,https://www.oantagonista.com/brasil/memoria-de-guedes/,"A deputada Clarissa Garotinho, filha do ex-governador do Rio, fez uma sÃ©rie de perguntas a Paulo Guedes e se incomodou com o fato de o ministro nÃ£o estar anotando nada.â€œEspero que o ministro seja bom de memÃ³ria.â€"
-,03/04/2019 16:54:32,Brasil,-,O outro Paulo Guedes,https://www.oantagonista.com/brasil/o-outro-paulo-guedes/,"A vida do deputado federal Paulo Guedes, do PT de Minas Gerais, virou uma confusÃ£o.Desde o inÃ­cio da legislatura, ele Ã© confundido com o ministro homÃ´nimo.Â "
-,03/04/2019 16:52:54,Economia,-,O imposto de Guedes,https://www.oantagonista.com/economia/o-imposto-de-guedes/,"Paulo Guedes anunciou que, na reforma tributÃ¡ria, o governo pode criar um imposto sobre grandes fortunas, a velha fantasia petista:â€œAlÃ©m da reforma da PrevidÃªncia, vamos atacar a reforma tributÃ¡ria, as renÃºncias fiscais. Vamos ter a chance de discutir um imposto sobre riquezas. Isso Ã© uma questÃ£o de tempo.â€"
-,03/04/2019 16:37:01,Brasil,-,MÃ£e para TarcÃ­sio e madrasta para Guedes,https://www.oantagonista.com/brasil/mae-para-tarcisio-e-madrasta-para-guedes/,"A CÃ¢mara, que estÃ¡ sendo madrasta para Paulo Guedes na CCJ, foi uma mÃ£e para TarcÃ­sio Gomes de Freitas, que falou mais cedo Ã  ComissÃ£o de ViaÃ§Ã£o e Transportes.O ministro da Infraestrutura chegou a ser aplaudido quando defendeu a retirada de algumas exigÃªncias para obter carteira de habilitaÃ§Ã£o.Leia a reportagem em :"
-,03/04/2019 16:32:56,Brasil,-,Viva o STF,https://www.oantagonista.com/brasil/viva-o-stf/,"â€œSTF cancela sessÃ£o de julgamentos para fazer homenagem a si mesmoâ€, diz O Globo.Eles deveriam aproveitar e cancelar julgamentos pelos prÃ³ximos dois anos.Â "
-,03/04/2019 16:31:37,Brasil,-,Fachin envia inquÃ©rito sobre Dirceu e filho para JustiÃ§a Eleitoral,https://www.oantagonista.com/brasil/fachin-envia-inquerito-sobre-dirceu-e-filho-para-justica-eleitoral/,"Edson Fachin determinou o envio de um inquÃ©rito que investiga JosÃ© Dirceu e seu filho, o deputado federal Zeca Dirceu, para o TRE do ParanÃ¡, informa Matheus LeitÃ£o no G1.Fachin Ã© o relator do inquÃ©rito que apura se Zeca recebeu propina da Odebrecht para as campanhas eleitorais de 2010 e 2014 a pedido de seu pai.O ministro lembrou que, por maioria, o plenÃ¡rio do STF decidiu pela competÃªncia da JustiÃ§a Eleitoral em situaÃ§Ãµes como a do inquÃ©rito."
-,03/04/2019 16:18:18,Economia,-,O discurso otimista do secretÃ¡rio de DesestatizaÃ§Ã£o,https://www.oantagonista.com/economia/o-discurso-otimista-secretario-de-desestatizacao/,"Salim Mattar, que jÃ¡ se disse , fez um discurso otimista em um evento do Bradesco em SÃ£o Paulo, relata a Folha.Segundo o secretÃ¡rio de DesestatizaÃ§Ã£o, oÂ governo federal tem um potencial estimado em R$ 990 milhÃµes emÂ privatizaÃ§Ãµes e desinvestimentos, que poderÃ£o ser usados para abater a dÃ­vida do paÃ­s.Desse total, afirmou Mattar, a maior parte (R$ 490 milhÃµes) viria da venda de estatais.O secretÃ¡rio disse ainda queÂ o governo Bolsonaro vai superar a meta de arrecadar US$ 20 bilhÃµes em desestatizaÃ§Ãµes apenas neste ano."
-,03/04/2019 16:11:36,Brasil,-,Onde estÃ¡ a base do governo na CCJ?,https://www.oantagonista.com/brasil/onde-esta-base-governo-na-ccj/,"Deputados de oposiÃ§Ã£o foram os primeiros a se inscrever para falar na sessÃ£o da CCJ, aproveitando para desgastar Paulo Guedes precocemente.AtÃ© agora, foi sÃ³ porrada no ministro e na reforma da PrevidÃªncia."
-,03/04/2019 16:07:06,Brasil,-,"Carlos Bolsonaro e primo desistiram de passaporte diplomÃ¡tico, segundo Itamaraty",https://www.oantagonista.com/brasil/carlos-bolsonaro-e-primo-desistiram-de-passaporte-diplomatico-segundo-itamaraty/,"A assessoria de imprensa do Itamaraty informou a  que Carlos Bolsonaro e Leonardo Rodrigues (LÃ©o Ãndio) nÃ£o deram sequÃªncia ao processo de solicitaÃ§Ã£o de passaporte diplomÃ¡tico.Eles preencheram o requerimento eletrÃ´nico de emissÃ£o de passaporte diplomÃ¡tico, mas nÃ£o enviaram a documentaÃ§Ã£o para DivisÃ£o de Documentos de Viagem do MinistÃ©rio das RelaÃ§Ãµes Exteriores.Segundo o ministÃ©rio, o formulÃ¡rio deveria ter sido impresso e entregue com foto, cÃ³pias da identidade, do tÃ­tulo de eleitor e certidÃ£o de quitaÃ§Ã£o eleitoral, alÃ©m de ofÃ­cio do Ã³rgÃ£o requerente."
-,03/04/2019 16:04:33,Brasil,-,Bolsonaro nÃ£o quer conversa com Valdemar,https://www.oantagonista.com/brasil/bolsonaro-nao-quer-conversa-com-valdemar/,"Jair Bolsonaro chamou caciques do CentrÃ£o para reuniÃµes no Planalto a partir desta quinta-feira, diz a .Mas deixou um velho colega do grupo de fora: o ex-deputado mensaleiro Valdemar Costa Neto, do PR.Ã‰ uma Ã³tima escolha.Leia a nota completa ."
-,03/04/2019 15:51:16,Brasil,-,â€œTodos sabem quem dobrou os subsÃ­dios de 2% para 4% do PIBâ€,https://www.oantagonista.com/brasil/todos-sabem-quem-dobrou-os-subsidios-de-2-para-4-pib/,"Paulo Guedes continua respondendo Ã s provocaÃ§Ãµes da bancada do barulho. Pressionado pelas crÃ­ticas ao regime de capitalizaÃ§Ã£o, ele resolveu falar dos descalabros do governo petista.â€œQuem mais fez desoneraÃ§Ã£o neste paÃ­s, todos sabem quem dobrou de 2% para 4% do PIB os subsÃ­dios e cometeu a irresponsabilidade fiscal de dar dinheiro para campeÃ£o nacional e enriquecer certos grupos.Â Todos nÃ³s sabemos. NinguÃ©m Ã© ingÃªnuo. Por isso, as eleiÃ§Ãµes acontecem. Por isso, os governos mudam.â€Maria do RosÃ¡rio reagiu e apresentou questÃ£o de ordem contra o que chamou de â€œprovocaÃ§Ãµes desqualificadasâ€ contra o Parlamento."
-,03/04/2019 15:46:45,Brasil,-,Maia chega,https://www.oantagonista.com/brasil/maia-chega/,Rodrigo Maia chegou hÃ¡ pouco Ã  CCJ e ocupou um lugar na mesa.
-,03/04/2019 15:35:10,Brasil,-,"â€œO Poder Legislativo Ã© o espaÃ§o onde, por excelÃªncia, se realiza o princÃ­pio democrÃ¡ticoâ€",https://www.oantagonista.com/brasil/o-poder-legislativo-e-o-espaco-onde-por-excelencia-se-realiza-o-principio-democratico/,"No ato em defesa do STF, Dias Toffoli ecoou crÃ­tica que fez recentemente Ã   no paÃ­s.Ao lado de Rodrigo Maia, ressaltou que o Legislativo â€œÃ© o espaÃ§o onde, por excelÃªncia, se realiza o princÃ­pio democrÃ¡ticoâ€.â€œFoi esse poder que editou a ConstituiÃ§Ã£o e as normas estruturantes de nossa naÃ§Ã£o. Ã‰ aquele onde a vontade popular se converte em palavras de ordem a ser cumprida por todas as instituiÃ§Ãµes nacionais. Onde a voz da sociedade civil organizada se faz ouvidaâ€, afirmou.Antes, no discurso, disse que defender o STF Ã© defender a democracia, a liberdade e os direitos fundamentais.Pregou diÃ¡logo â€œdiÃ¡logo construtivo e transformadorâ€ entre os poderes, instituiÃ§Ãµes e sociedade civil, em respeito Ã  pluralidade da naÃ§Ã£o."
-,03/04/2019 15:33:48,Brasil,-,A capitalizaÃ§Ã£o petista,https://www.oantagonista.com/brasil/a-capitalizacao-petista/,"O deputado Alencar Santana Braga (PT) questionou Paulo Guedes sobre os benefÃ­cios prometidos pelo sistema de capitalizaÃ§Ã£o.â€œSe ela Ã© tÃ£o boa, por que os militares nÃ£o vÃ£o para a capitalizaÃ§Ã£o?â€"
-,03/04/2019 15:15:58,Brasil,-,Preocupado com os mais pobres,https://www.oantagonista.com/brasil/preocupado-com-os-mais-pobres/,"O deputado Reginaldo Lopes (PT-MG), que acusa Paulo Guedes de propor uma reforma da PrevidÃªncia que â€œmete a mÃ£o no bolso dos mais pobresâ€ Ã© frequentador assÃ­duo de bares e restaurantes â€œda eliteâ€ em Belo Horizonte."
-,03/04/2019 15:14:06,Mundo,-,Militares russos devem operar mÃ­sseis antiaÃ©reos na Venezuela,https://www.oantagonista.com/mundo/militares-russos-devem-operar-misseis-antiaereos-na-venezuela/,"O analista venezuelano Andrei Pont disse a Duda Teixeira, de , que os 99 militares russos levados Ã  Venezuela devem operar um sistema de mÃ­sseis antiaÃ©reos.Venezuelanos que sabiam operar o sistema deixaram o paÃ­s em razÃ£o da crise.Leia a reportagem:"
-,03/04/2019 15:12:50,Brasil,-,Toffoli pede ajuda aos sindicatos,https://www.oantagonista.com/brasil/toffoli-pede-ajuda-aos-sindicatos/,"Dias Toffoli pediu o apoio dos sindicalistas ao STF â€” leia tambÃ©m .O presidente da UGT,Â Ricardo Patah, tambÃ©m foi convidado para participar do lanÃ§amento do tal manifesto nesta tarde, mas preferiu mandar representante.A UGT Ã© o braÃ§o sindical do PSD de Gilberto Kassab."
-,03/04/2019 15:12:35,Brasil,-,"Sorria, general!",https://www.oantagonista.com/brasil/sorria-general/,"Como publicamos , Joice Hasselmann tuitou uma foto para dizer que nÃ£o , ministro da Secretaria de Governo.A deputada poderia ter desenhado um sorriso no rosto do general.Se o  ainda nÃ£o entendeu, eu vou desenhar! Segue a imagem bem clara para vocÃªs. Na dÃºvida, perguntem, tÃ¡? Governo  estÃ¡ UNIDO!!! Beijinho no ombro pra vocÃªs. Assinado: o trio de ferro de PalÃ¡cio. Joice,  e Santos Cruz. ğŸ‡§ğŸ‡· â€” Joice Hasselmann (@joicehasselmann) "
-,03/04/2019 15:10:56,Brasil,-,Marco AurÃ©lio e Celso de Mello ausentes no ato de apoio ao STF,https://www.oantagonista.com/brasil/marco-aurelio-e-celso-de-mello-ausentes-no-ato-de-apoio-ao-stf/,"Mesmo no STF, Marco AurÃ©lio Mello nÃ£o apareceu no plenÃ¡rio para o ato convocado por Dias Toffoli para repelir os ataques Ã  Corte.Por motivos de saÃºde, o decano, Celso de Mello, tambÃ©m estÃ¡ ausente."
-,03/04/2019 15:07:17,Brasil,-,105 inscritos para questionar o ministro,https://www.oantagonista.com/brasil/105-inscritos-para-questionar-o-ministro/,"Ao todo, sÃ£o 105 inscritos deputados inscritos para fazer perguntas a Paulo Guedes na CCJ da CÃ¢mara.Cada um terÃ¡ 3Â minutos, sendo que autores do requerimento de convite ao ministro tÃªm direito a 2 minutos extras.Caso Rodrigo Maia inicie a chamada â€œordem do diaâ€ no plenÃ¡rio, Felipe Francischini serÃ¡ obrigado a encerrar os trabalhos na comissÃ£o."
-,03/04/2019 15:07:01,Brasil,-,A nova cruzada da CUT,https://www.oantagonista.com/brasil/nova-cruzada-da-cut/,"Vagner Freitas, presidente da CUT, assinou manifesto em defesa do STF contra â€œataques e discursos criminosos de Ã³dio e violÃªnciaâ€.Em junho do ano passado, quando o tribunal julgou Gleisi Hoffmann, Freitas disse que estava â€œformado o teatro para condenar mais um petistaâ€ e que a â€œcruzada da CUTâ€ era denunciar a â€œperseguiÃ§Ã£oâ€.O STF nÃ£o estÃ¡ mais acovardado, diria Lula.Representando os trabalhadores estou entre as mais de 100 lideranÃ§as da sociedade organizada que assinam e entregarÃ£o, na tarde de hoje (3) manifesto em defesa do STF, mais uma entidade atingida por ataques e discursos criminosos de Ã³dio e violÃªnciaâ€” Vagner Freitas Lula da Silva (@VagnerLulaSilva) "
-,03/04/2019 15:02:15,Brasil,-,Pastor alerta STF: â€˜nÃ£o amordaÃ§ar o crescimento da nossa sociedadeâ€™,https://www.oantagonista.com/brasil/pastor-alerta-stf-nao-amordacar-o-crescimento-da-nossa-sociedade/,"No ato contra ataques ao STF convocado por Dias Toffoli, o ex-deputado Robson Rodovalho, lÃ­der da igreja Sara Nossa Terra, fez um alerta aos ministros, depois das homenagens de praxe.â€œQue nÃ³s homens religiosos, laicos, todos como sociedade, juntos, possamos cada dia nÃ£o amordaÃ§ar o crescimento da nossa sociedade. Sabemos os momentos e espasmos de crescimento que temos, contudo, continuar em busca desse estado de direito democrÃ¡tico em sua plenitudeâ€.O recado condiz com a constante insatisfaÃ§Ã£o da bancada evangÃ©lica no Congresso com decisÃµes da Corte no campo da moral e dos costumes."
-,03/04/2019 14:55:17,Brasil,-,"Nunca articulei nada, diz Joice",https://www.oantagonista.com/brasil/nunca-articulei-nada-diz-joice/,"Joice Hasselmann usou o Twitter para negar que esteja articulando nos bastidores para ocupar o lugar do ministro Santos Cruz, na Secretaria de Governo.Ela disse que o governo Jair Bolsonaro estÃ¡ UNIDO!!! (as maiÃºsculas e exclamaÃ§Ãµes sÃ£o da prÃ³pria deputada), postou foto ao lado de Santos Cruz e Onyx Lorenzoni â€“ que, segundo ela, formariam o â€œtrio de ferro do palÃ¡cioâ€ â€“ e mandou um beijinho no ombro para .Beijinho no ombro para vocÃª tambÃ©m, Joice.O  MENTE DE NOVO. Como NENHUM â€œjornalistaâ€ me procurou, vou reestabelecer a verdade. 1 â€“ Nunca articulei NADA envolvendo ministÃ©rio. 2- DESCONHEÃ‡O qquer articulaÃ§Ã£o do  . 3 â€“ Eu, Santos Cruz e  estamos mais unidos do q nunca. DESISTAM! â€” Joice Hasselmann (@joicehasselmann) "
-,03/04/2019 14:52:03,Brasil,-,â€œEu nÃ£o preciso me exaltarâ€,https://www.oantagonista.com/brasil/eu-nao-preciso-exaltar/,Paulo Guedes conclui seu discurso inicial na CCJ da CÃ¢mara dizendo que quem vai decidir sobre a reforma da PrevidÃªncia Ã© o Congresso.O ministro tambÃ©m afirma para si mesmo que nÃ£o Ã© preciso entrar no embate polÃ­tico.â€œEu nÃ£o preciso me exaltar.â€
-,03/04/2019 14:49:04,Brasil,-,Os conselhos a Guedes,https://www.oantagonista.com/brasil/os-conselhos-guedes/,Paulo Guedes diz que foi aconselhado a nÃ£o cair em provocaÃ§Ã£o.Ã‰ preciso levar o conselho a sÃ©rio e lembrar das aulas de media training.
-,03/04/2019 14:48:42,Brasil,-,"â€œSÃ£o inadmissÃ­veis os discursos que pregam o Ã³dio ao STFâ€, diz Santa Cruz",https://www.oantagonista.com/brasil/sao-inadmissiveis-os-discursos-que-pregam-o-odio-ao-stf-diz-santa-cruz/,"No ato convocado por Dias Toffoli para reunir apoio ao STF, coube ao novo presidente da OAB, Felipe Santa Cruz, falar em nome de entidades da sociedade civil contra os ataques.â€œA discordÃ¢ncia, a crÃ­tica civilizada e o diÃ¡logo sÃ£o inerentes Ã  democracia, tal qual o respeito e, em Ãºltima instÃ¢ncia, a solidariedade. Por isso, sÃ£o inadmissÃ­veis os discursos que pregam o Ã³dio, a violÃªncia e a desarmonia na sociedade e contra o Supremo Tribunal Federalâ€, afirmou.NÃ£o aceitamos que milÃ­cias virtuais, que intransigÃªncia, que violÃªncia, que polarizaÃ§Ã£o, busquem calar os ministros do Supremo, o corregedor nacional de JustiÃ§a, os ministros do STJ, qualquer juiz que dependa da sua independÃªncia para exercer sua missÃ£oâ€, completou depois."
-,03/04/2019 14:47:52,Brasil,-,Bancada do barulho,https://www.oantagonista.com/brasil/bancada-do-barulho/,"A bancada da chupeta cresceu e virou uma turma do barulho. Seus integrantes nÃ£o estÃ£o interessados em ouvir Paulo Guedes, mas em atacÃ¡-lo para provocar o caos."
-,03/04/2019 14:46:43,Brasil,-,â€œIsso aqui nÃ£o Ã© briga de ruaâ€,https://www.oantagonista.com/brasil/isso-aqui-nao-e-briga-de-rua/,"Paulo Guedes continua sendo interrompido por petistas.Felipe Francischini, presidente da CCJ, tenta manter a ordem:â€œEu vou exigir respeito aqui. Isso aqui nÃ£o Ã© briga de rua.â€"
-,03/04/2019 14:46:04,Brasil,-,MourÃ£o promete cargos para aliados,https://www.oantagonista.com/brasil/mourao-promete-cargos-para-aliados/,"O general Hamilton MourÃ£o garantiu que Jair Bolsonaro vai oferecer cargos aos partidos aliados:â€œA partir do momento que esses partidos estejam concordando com o que o governo pretende fazer, Ã© Ã³bvio que eles vÃ£o ter algum tipo de participaÃ§Ã£o, seja em cargos nos Estados, algum ministÃ©rio ou algo do gÃªnero. Isso Ã© decisÃ£o do presidente, nÃ©?â€"
-,03/04/2019 14:45:11,Brasil,-,â€œEvite o atrito com os parlamentaresâ€,https://www.oantagonista.com/brasil/evite-o-atrito-com-os-parlamentares/,Felipe Francischini pede para que Paulo Guedes evite atrito com os deputados.Os petistas estÃ£o na primeira fila.
-,03/04/2019 14:43:57,TV,-,"â€œA Venezuela estÃ¡ bemâ€, ironiza Guedes",https://www.oantagonista.com/brasil/venezuela-esta-bem-ironiza-guedes/,"Enquanto defendia a reforma da PrevidÃªncia na CCJ da CÃ¢mara, Paulo Guedes foi interrompido por petistas, que perguntaram em voz alta sobre a situaÃ§Ã£o no Chile.â€œNa Venezuela deve estar melhor. A Venezuela estÃ¡ bemâ€, ironizou o ministro.â€œFalem, falem um pouco mais alto, eu nÃ£o estou ouvindoâ€, acrescentou ele, diante de novas interrupÃ§Ãµes."
-,03/04/2019 14:35:20,Brasil,-,O dedo na ferida,https://www.oantagonista.com/brasil/o-dedo-na-ferida/,"Paulo Guedes reafirma na CÃ¢mara o que disse na semana passada no Senado: que a aposentadoria mÃ©dia de funcionÃ¡rios do Congresso, incluindo os polÃ­ticos, Ã© de 28 mil reais."
-,03/04/2019 14:32:25,Brasil,-,Maia no STF,https://www.oantagonista.com/brasil/maia-no-stf/,"ApÃ³s recepcionar Paulo Guedes na ComissÃ£o de ConstituiÃ§Ã£o e JustiÃ§a, Rodrigo Maia correu para o STF a fim de participar do .A solenidade, marcada para as 14h, atrasou para aguardar a chegada do deputado."
-,03/04/2019 14:27:48,TV,-,â€œNÃ£o interessa quem estiver no poderâ€,https://www.oantagonista.com/brasil/nao-interessa-quem-estiver-no-poder/,"Paulo Guedes volta a dizer o Ã³bvio: o sistema previdenciÃ¡rio brasileiro estÃ¡ â€œcondenadoâ€.â€œO nosso sistema jÃ¡ estÃ¡ financeiramente condenado, antes de a populaÃ§Ã£o brasileira envelhecer. NÃ£o interessa quem estiver no poder. Seja o governo que for.â€"
-,03/04/2019 14:24:08,Economia,-,SecretÃ¡rio da Receita quer mudar reforma tributÃ¡ria da CÃ¢mara,https://www.oantagonista.com/economia/secretario-da-receita-quer-mudar-reforma-tributaria-da-camara/,"A apresentaÃ§Ã£o de uma reforma tributÃ¡ria prÃ³pria por lÃ­deres da CÃ¢mara pode abrir novo conflito entre os parlamentares e o governo Bolsonaro, informa Igor Gadelha em .Marcos Cintra, o secretÃ¡rio da Receita, jÃ¡ fala em mudar alguns pontos da proposta da CÃ¢mara, baseada em projeto do economista Bernard Appy.Leia a reportagem:"
-,03/04/2019 14:23:21,Brasil,-,â€œSou meramente um equacionadorâ€,https://www.oantagonista.com/brasil/sou-meramente-um-equacionador/,Paulo Guedes comeÃ§a elogiando a comissÃ£o e dizendo que os deputados jÃ¡ conhecem o assunto a ser abordado: a reforma da PrevidÃªncia.â€œQuem vai votar isso sÃ£o os senhores. Sou meramente um equacionador.â€
-,03/04/2019 14:21:14,Brasil,-,â€œO Supremo precisa de desagravo?â€,https://www.oantagonista.com/brasil/o-supremo-precisa-de-desagravo/,"Ao chegar para a sessÃ£o de hoje no STF, Marco AurÃ©lio Mello disse que nÃ£o sabia do  de entidades civis.â€œUma sessÃ£o solene? Eu nÃ£o estou sabendo. Desagravo? O Supremo precisa de desagravo?â€, disse o ministro, registra o Jota.Alexandre de Moraes, escolhido para conduzir investigaÃ§Ã£o sobre as supostas ameaÃ§as e ofensas, justificou o ato. Disse que â€œa sociedade civilâ€ apoia a investigaÃ§Ã£o.â€œAtaques gratuitos ao Supremo fazem mal Ã  democracia. Supremo reagiu dentro da lei. Estamos apurando e vamos chegar aos responsÃ¡veis. E sociedade civil achou por bem apoiar o Supremo contra esses ataques infundados.â€"
-,03/04/2019 14:20:52,Brasil,-,Petrobras tenta se desfazer do prejuÃ­zo que Lula deixou no Uruguai,https://www.oantagonista.com/brasil/petrobras-tenta-se-desfazer-prejuizo-que-lula-deixou-no-uruguai/,"A Petrobras quer fechar sua subsidiÃ¡ria no Uruguai.Criada por Lula em 2004, a empresa sempre deu prejuÃ­zo porque compra gÃ¡s na Argentina e revende no Uruguai com um precinho tabelado.Os contribuintes brasileiros, que financiaram a expansÃ£o do lulismo na AmÃ©rica Latina, ainda nÃ£o terminaram de pagar a conta.JosÃ© Mujica e TabarÃ© VÃ¡zquez agradecem atÃ© hoje."
-,03/04/2019 14:16:49,Brasil,-,"Ã‰ contigo, Francischini",https://www.oantagonista.com/brasil/e-contigo-francischini/,"Rodrigo Maia deixou a sala da CCJ dando um tapinha nas costas do presidente da comissÃ£o, Felipe Francischini.Ã‰ contigo, Francischini."
-,03/04/2019 14:15:37,Brasil,-,PT sendo PT,https://www.oantagonista.com/brasil/pt-sendo-pt/,A audiÃªncia na CCJ comeÃ§a com a deputada petista Maria do RosÃ¡rio tentando tumultuar.Ã‰ o PT sendo PT.
-,03/04/2019 14:10:52,Brasil,-,O cronograma na CCJ,https://www.oantagonista.com/brasil/o-cronograma-na-ccj/,"Paulo Guedes vai falar por 20 minutos, antes de comeÃ§ar a ser questionado.Em seguida, o ministro responderÃ¡ a perguntas feitas em blocos de cinco deputados."
-,03/04/2019 14:08:37,Especial,-,AO VIVO â€“ Paulo Guedes na CCJ,https://www.oantagonista.com/especial/ao-vivo-paulo-guedes-na-ccj/,"O ministro da Economia, Paulo Guedes, estÃ¡ na CCJ no Congresso Nacional para debater a reforma da PrevidÃªncia.Assista:"
-,03/04/2019 14:07:45,Brasil,-,Os acenos de Onyx,https://www.oantagonista.com/brasil/os-acenos-de-onyx/,"Antes do inÃ­cio da audiÃªncia com Paulo Guedes, Onyx Lorenzoni estÃ¡ na CCJ da CÃ¢mara distribuindo sorrisos e apertos de mÃ£o."
-,03/04/2019 14:07:09,Brasil,-,Equipe econÃ´mica admite suavizar transiÃ§Ã£o de servidores,https://www.oantagonista.com/brasil/equipe-economica-admite-suavizar-transicao-de-servidores/,"TÃ©cnicos do governo sinalizaram a possibilidade de permitir que servidoresÂ que, pelas atuais regras, estariam a apenas dois anos de se aposentar, consigam sair um pouco mais cedo.Segundo O Globo, a ideia Ã© replicar ao funcionalismo a ideia de um pedÃ¡gio de 50% no tempo faltante, jÃ¡ proposta para trabalhadores do setor privado no texto da reforma da PrevidÃªncia.Se a pessoa, por exemplo, estiver a apenas um ano da aposentadoria, sÃ³ precisaria trabalhar mais um ano e meio para poder se aposentar nas novas regras."
-,03/04/2019 14:06:56,Brasil,-,A escolta de Maia,https://www.oantagonista.com/brasil/escolta-de-maia/,Rodrigo Maia levou Paulo Guedes atÃ© a CCJ da CÃ¢mara.O ministro jÃ¡ estÃ¡ na comissÃ£o. Vai comeÃ§ar a sessÃ£o.Â 
-,03/04/2019 14:04:45,Brasil,-,Petistas em peso na CCJ,https://www.oantagonista.com/brasil/petistas-em-peso-na-ccj/,"Dos 62 deputados que jÃ¡ registraram presenÃ§a na CCJ da CÃ¢mara, 10 sÃ£o petistas."
-,03/04/2019 14:01:29,Brasil,-,Mais de 100 inscritos na CCJ,https://www.oantagonista.com/brasil/mais-de-100-inscritos-na-ccj/,Mais de 100 deputados estÃ£o inscritos para fazer perguntas a Paulo Guedes na CCJ da CÃ¢mara â€” mesmo quem nÃ£o integra a comissÃ£o pode se inscrever.
-,03/04/2019 13:58:10,Brasil,-,A tarde inteira de Paulo Guedes,https://www.oantagonista.com/brasil/tarde-inteira-de-paulo-guedes/,"Felipe Francischini, presidente da CCJ da CÃ¢mara, acredita que a audiÃªncia com Paulo Guedes serÃ¡ longa e proveitosa.â€œAcredito que o Paulo Guedes vai ficar pelo menos atÃ© os deputados todos poderem utilizar a palavraâ€, disse ele mais cedo.SÃ£o mais de 50 deputados inscritos para fazer perguntas.Acompanhe tudo conosco aqui nâ€™."
-,03/04/2019 13:53:18,Brasil,-,â€œAcho que estÃ¡ bem equilibradoâ€,https://www.oantagonista.com/brasil/acho-que-esta-bem-equilibrado/,"33 deputados jÃ¡ registraram presenÃ§a na CCJ da CÃ¢mara: a audiÃªncia com Paulo Guedes estÃ¡ prevista para 14h.A oposiÃ§Ã£o promete emparedar o ministro, mas Tiago Mitraud, do Novo, diz a  que a composiÃ§Ã£o da comissÃ£o estÃ¡ bem equilibrada.â€œAcho que estÃ¡ bem equilibrado. Da nossa parte [do Novo], vamos tentar manter o discurso dentro daquilo que cabe Ã  CCJ, que Ã© avaliar a admissibilidade da proposta.â€"
-,03/04/2019 13:41:25,Brasil,-,MPF acusa policiais de ocultar conversa entre delegado e foragido,https://www.oantagonista.com/brasil/mpf-acusa-policiais-de-ocultar-conversa-entre-delegado-e-foragido/,"O MinistÃ©rio PÃºblico Federal acusou policiais federais de Mato Grosso do Sul de ocultarem uma conversa telefÃ´nica interceptada entre um delegado e um fazendeiro que estava foragido, informa a Folha.No diÃ¡logo,Â ocorrido em agosto de 2016, oÂ fazendeiro Dionei Guedin diz, rindo: â€œDoutor do cÃ©u, arrumou a cama pra mimÂ jÃ¡ ou nÃ£o?â€. â€œNÃ£o, rapazâ€,Â responde o delegadoÂ Denis Colares.EleÂ orienta o fazendeiro a â€œbater no MPFâ€ por meio da imprensa para se livrar da cadeia. O foragido entÃ£o pergunta se podem falar pessoalmente. â€œPooooode, pode me procurar aquiâ€, responde Colares.O MPF acusa os policiais de esconder a gravaÃ§Ã£o, autorizada por decisÃ£o judicial e os denunciou por supostos crimes deÂ inserÃ§Ã£o de dados falsos, falsidade ideolÃ³gica e prevaricaÃ§Ã£o.A PF em Mato Grosso do Sul diz que o diÃ¡logo nÃ£o â€œredundouâ€ em que o fazendeiro permanecesse foragido.Â Dionei Guedin Ã© investigado por suposto envolvimento em homicÃ­dio de indÃ­genas."
-,03/04/2019 13:11:39,Brasil,-,Toffoli recebe hoje â€˜manifesto da sociedade civil em apoioâ€™ ao STF,https://www.oantagonista.com/brasil/toffoli-recebe-hoje-manifesto-da-sociedade-civil-em-apoio-ao-stf/,"No esforÃ§o para blindar o STF de ataques, Dias Toffoli marcou para o inÃ­cio da sessÃ£o de hoje um ato solene para receber um tal â€œmanifesto da sociedade civil em apoioâ€ Ã  Corte.IrÃ£o ao plenÃ¡rio dirigentes da OAB, CNBB, Fiesp e Conselho de Pastores para falar sobre a importÃ¢ncia do STF. A iniciativa partiu do novo presidente da OAB, Felipe Santa Cruz."
-,03/04/2019 13:07:26,Brasil,-,CCJ do Senado aprova PEC do OrÃ§amento impositivo,https://www.oantagonista.com/brasil/ccj-senado-aprova-pec-orcamento-impositivo/,"Como previsto, a CCJ do Senado acaba de aprovar a PEC do OrÃ§amento impositivo.A proposta deverÃ¡ ser votada ainda hoje no plenÃ¡rio, em dois turnos. Em razÃ£o de pequenas alteraÃ§Ãµes feitas no texto, a matÃ©ria retornarÃ¡ Ã  CÃ¢mara."
-,03/04/2019 13:02:57,Brasil,-,Lembra?,https://www.oantagonista.com/brasil/lembra/,"O Senado tem : isso dÃ¡ uma mÃ©dia de 116 funcionÃ¡rios por senador.VocÃª quem paga, lembra?"
-,03/04/2019 12:56:08,Brasil,-,Marina Silva no Senado,https://www.oantagonista.com/brasil/marina-silva-no-senado/,"Sentada junto aos senadores na CCJ, Marina Silva acompanha a discussÃ£o sobre a PEC do OrÃ§amento impositivo.Marina foi senadora, pelo Acre, atÃ© 2010. Desde entÃ£o, nunca mais se elegeu."
-,03/04/2019 12:52:19,Sociedade,-,A Bettina do jornalismo brasileiro transformou uma multa de 40 mil reais em â€œatÃ© 9 milhÃµesâ€,https://www.oantagonista.com/sociedade/a-bettina-do-jornalismo-brasileiro-transformou-uma-multa-de-40-mil-reais-em-ate-9-milhoes/,"Na coluna social da Folha de S.Paulo, MÃ´nica Bergamo publicou com destaque que â€œA FundaÃ§Ã£o Procon SP vai multar a Empiricus por propaganda enganosa no caso Bettina, que afirmou em um vÃ­deo ter transformado R$ 1.520 em R$ 1 milhÃ£o em apenas trÃªs anos. A empresa pode ter que pagar atÃ© R$ 9 milhÃµes pela puniÃ§Ã£oâ€.A notÃ­cia enviesada serviu para que blogs sujos saÃ­ssem dizendo que a Empiricus, sÃ³cia de O Antagonista, foi multada em 9 milhÃµes de reais. O jogo combinado Ã© um clÃ¡ssico petista.Na verdade, o Procon aplicou uma multa de R$ 58.240,00, que cai para R$ 40.768,00, se for paga Ã  vista, como mostra a reproduÃ§Ã£o abaixo.Em nota, a Empiricus â€œcomunica que foi notificada sobre uma multa de R$ 40 mil reais encaminhada pelo Procon, sobre a qual ainda cabe recurso. A empresa lamenta a divulgaÃ§Ã£o sensacionalista de informaÃ§Ã£o errÃ´nea de que teria sido multada em R$ 9 milhÃµes. Por fim, a Empiricus reforÃ§a que a peÃ§a em questÃ£o direcionou os interessados para um curso gratuito de educaÃ§Ã£o financeira, feito por uma equipe de 32 especialistasâ€.Bettina levou trÃªs anos para ter 1 milhÃ£o de reais na conta; MÃ´nica Bergamo levou um minuto para transformar 40 mil reais em â€œatÃ© 9 milhÃµesâ€.A Bettina do jornalismo brasileiro Ã© uma, digamos, investidora mais ousada do que a Bettina da Empiricus."
-,03/04/2019 12:44:34,Brasil,-,Um general de MourÃ£o no comando da Geap,https://www.oantagonista.com/brasil/um-general-de-mourao-no-comando-da-geap/,"O general de divisÃ£o Ricardo Marques Figueiredo deve assumir o comando da Geap, informa a .IndicaÃ§Ã£o de Hamilton MourÃ£o.Leia a nota completa aqui:Â Â "
-,03/04/2019 12:40:24,Brasil,-,Senado tem quase 75% mais comissionados do que servidores efetivos,https://www.oantagonista.com/brasil/senado-tem-quase-75-mais-comissionados-que-servidores-efetivos/,",Â Lasier Martins apresentou uma proposta administrativa para reduzir as despesas do Senado.Garimpando o projeto,  encontrou as informaÃ§Ãµes de que a Casa tem hoje:Â 3.691 comissionados,Â 2.915 terceirizados eÂ 2.130 servidores efetivos, alÃ©m de 523Â estagiÃ¡rios e 135 jovens aprendizes.Ã‰ um mundo de comissionados."
-,03/04/2019 12:27:17,Brasil,-,A articulaÃ§Ã£o de Joice,https://www.oantagonista.com/brasil/articulacao-de-joice/,"Fernando Francischini trabalhava para enfraquecer Santos Cruz, a fim de assumir a articulaÃ§Ã£o polÃ­tica do governo. Mas levou uma rasteira de Joice Hasselmann, que tambÃ©m almejaria o cargo.Interlocutores da deputada de primeiro mandato, lÃ­der do governo na CÃ¢mara, dizem que ela estÃ¡ fazendo o trabalho do general e merece a funÃ§Ã£o.Joice, que Ã© jornalista, tambÃ©m estaria de olho na verba da Secom e na EBC, que estÃ£o no guarda-chuva da Secretaria de Governo. Alguns blogueiros estÃ£o animados. "
-,03/04/2019 12:22:12,Internet,-,WhatsApp muda regras para criaÃ§Ã£o de grupos,https://www.oantagonista.com/internet/whatsapp-muda-regras-para-criacao-de-grupos/,"O WhatsApp anunciou novas regras de privacidade, que comeÃ§am a valer hoje em atualizaÃ§Ãµes para Android e iOS.Agora, os usuÃ¡rios poderÃ£o escolher qual tipo de contato pode ou nÃ£o adicionÃ¡-lo a grupos.Falta o Twitter aprimorar o cadastro, para ajudar a banir os robÃ´s das redes."
-,03/04/2019 12:15:48,Brasil,-,"Bolsonaro convidarÃ¡ partidos a integrar a base aliada, diz Onyx",https://www.oantagonista.com/brasil/bolsonaro-convidara-partidos-integrar-base-aliada-diz-onyx/,"Jair Bolsonaro iniciarÃ¡ amanhÃ£ uma sÃ©rie de reuniÃµes com lÃ­deres e dirigentes partidÃ¡rios.OnyxÂ Lorenzoni comentou hoje que a intenÃ§Ã£o Ã© â€œdialogar, convidar e abrir as portasâ€ para que as legendas integrem a base aliada.â€œVai ser o tom de convidÃ¡-los, para que participem desse esforÃ§o de construÃ§Ã£o do entendimento na busca de poder ter a nova PrevidÃªncia aprovada, que o Brasil encontre o equilÃ­brio fiscal. Para que tenhamos uma base constituÃ­da, a gente precisa dialogar, convidar e abrir a porta. Ã‰ o que estamos fazendo: abrindo a porta para a construÃ§Ã£o dessa base que vai se expressar lÃ¡ na votaÃ§Ã£o da nova PrevidÃªncia, em junho.â€O ministro acrescentou:â€œTem que ter tempo, paciÃªncia e diÃ¡logo. NÃ³s estamos disputando uma maratona pelo crescimento do Brasil. Maratona de quatro anos, em que nÃ³s vamos ter a responsabilidade â€“ volto a dizer, nÃ³s nÃ£o recebemos uma procuraÃ§Ã£o em branco da sociedade brasileira â€“ a responsabilidade, como o presidente Bolsonaro sempre diz, Ã© de todos nÃ³s.â€"
-,03/04/2019 12:05:18,Economia,-,Maia vai pautar reforma tributÃ¡ria jÃ¡ em discussÃ£o na CÃ¢mara,https://www.oantagonista.com/economia/maia-vai-pautar-reforma-tributaria-ja-em-discussao-na-camara/,"Rodrigo Maia vai pautar na CÃ¢mara a proposta de reforma tributÃ¡ria costurada pelo economista Bernard Appy em conjunto com o ex-deputado Luiz Carlos Hauly (PSDB), relator da reforma na legislatura passada â€” o tucano nÃ£o se reelegeu.O atual secretÃ¡rio da Receita, Marcos Cintra, deve enviar uma proposta ao Congresso em maio, mas Maia deixou claro a interlocutores, segundo AndrÃ©ia Sadi, que a CÃ¢mara â€œjÃ¡ tem sua proposta tributÃ¡riaâ€."
-,03/04/2019 11:44:08,Brasil,-,MEC cancela viagem de olavistas para Paris,https://www.oantagonista.com/brasil/mec-cancela-viagem-de-olavistas-para-paris/,"O MinistÃ©rio da EducaÃ§Ã£o, registra o EstadÃ£o, cancelou a viagem a Paris de trÃªs assessores ligados ao escritor Olavo de Carvalho. havia recomendado que eles  da Maison de lâ€™AmÃ©rique Latine."
-,03/04/2019 11:40:22,Brasil,-,Petistas visitam o presidente da OAB,https://www.oantagonista.com/brasil/petistas-visitam-o-presidente-da-oab/,"O deputado petista JosÃ© GuimarÃ£es postou no Twitter uma foto na OAB.â€œEstamos neste momento nos reunindo com a OAB para debater a crise polÃ­tica e a democracia brasileiraâ€, escreveu.Entenda clicando  o que, na verdade, eles estÃ£o debatendo."
-,03/04/2019 11:36:55,Brasil,-,Primo de Carlos Bolsonaro tambÃ©m quer passaporte diplomÃ¡tico,https://www.oantagonista.com/brasil/primo-de-carlos-bolsonaro-tambem-quer-passaporte-diplomatico/,"Leonardo Rodrigues de Jesus, o LÃ©o Ãndio, tambÃ©m entrou com pedido para obter um passaporte diplomÃ¡tico.O primo de Carlos Bolsonaro nÃ£o tem cargo no governo, mas circula livremente pelo PalÃ¡cio do Planalto e, Ã s vezes, integra missÃµes oficiais.Na segunda-feira, . LÃ©o Ãndio e Carlos protocolaram seus pedidos nos dias 8 e 9 de janeiro, respectivamente."
-,03/04/2019 11:29:26,Brasil,-,â€œContinuamos acreditando que o presidente honrarÃ¡ a palavraâ€,https://www.oantagonista.com/brasil/continuamos-acreditando-que-o-presidente-honrara-palavra/,"Terminou hÃ¡ pouco a primeira reuniÃ£o da bancada evangÃ©lica coordenada pelo novo lÃ­der, Silas CÃ¢mara (PRB).Na saÃ­da, o deputado disse que o anÃºncio da criaÃ§Ã£o de um escritÃ³rio de negÃ³cios â€œtraz a esperanÃ§aâ€ de que Jair Bolsonaro, â€œcom calma e em momento adequadoâ€, farÃ¡ a transferÃªncia da embaixada brasileira para JerusalÃ©m.â€œContinuamos acreditando que o presidente honrarÃ¡ a palavra dada ao povo cristÃ£o, evangÃ©lico do Brasil.â€Leia tambÃ©m:"
-,03/04/2019 11:22:10,Brasil,-,Senador petista vai relatar recurso da CPI da Lava Toga,https://www.oantagonista.com/brasil/senador-petista-vai-relatar-recurso-da-cpi-da-lava-toga/,"O senador petista RogÃ©rio Carvalho, de Sergipe, foi escolhido relator na CCJ do recurso que vai analisar a decisÃ£o de Davi Alcolumbre de arquivar o pedido de criaÃ§Ã£o da CPI da Lava Toga.O PT nÃ£o apoia a CPI."
-,03/04/2019 11:08:57,Brasil,-,â€œDÃ¡ corda que ele pega arâ€,https://www.oantagonista.com/brasil/da-corda-que-ele-pega-ar/,"Paulo Guedes Ã© esperado hoje Ã  tarde na CCJ da CÃ¢mara.A oposiÃ§Ã£o se prepara para ir para cima do ministro da Economia, que faltou Ã  sessÃ£o na semana passada, mas foi Ã  ComissÃ£o de Assuntos EconÃ´micos do Senado.â€œEle vai ter muito mais trabalho lÃ¡ [na CÃ¢mara] do que aqui [no Senado]. Aqui foi tranquilo. Mas jÃ¡ deu para perceber que ele perde a compostura fÃ¡cil. Como se diz no Nordeste, dÃ¡ corda que ele pega arâ€, ironizou Randolfe Rodrigues, lÃ­der da oposiÃ§Ã£o no Senado."
-,03/04/2019 11:06:09,Brasil,-,Deputado do PCdoB propÃµe â€˜taxar bancosâ€™ para custear aposentadoria rural,https://www.oantagonista.com/brasil/deputado-pcdob-propoe-taxar-bancos-para-custear-aposentadoria-rural/,"Enquanto a CÃ¢mara ameaÃ§a retirar da reforma da PrevidÃªncia as mudanÃ§as propostas para o trabalhador do campo, o deputadoÂ MÃ¡rcio Jerry, do PCdoB do MaranhÃ£o, apresentou nesta semana um projeto que cria mecanismos para financiar a aposentadoria rural a partir da â€œtaxaÃ§Ã£o dos bancosâ€.Pela proposta, recursos da ContribuiÃ§Ã£o de IntervenÃ§Ã£o no DomÃ­nio EconÃ´mico (Cide-OF), que incide sobre as operaÃ§Ãµes financeiras, serviria de fonte de reserva para garantir a previdÃªncia rural.â€œEstamos desafiados a encontrar alternativas para garantir recursos aos trabalhadores rurais e esse projeto Ã© uma delasâ€, comentou o deputado comunista, que, claro, Ã© contra a proposta enviada pela equipe econÃ´mica de Jair Bolsonaro."
-,03/04/2019 10:57:56,Brasil,-,PEC do OrÃ§amento impositivo aprovada em tempo recorde,https://www.oantagonista.com/brasil/pec-orcamento-impositivo-aprovada-em-tempo-recorde/,"Se nÃ£o houver surpresas, a PEC do OrÃ§amento impositivo serÃ¡ aprovada ainda hoje na CCJ e no plenÃ¡rio do Senado, em dois turnos.Como haverÃ¡ mudanÃ§as no texto, a proposta retornarÃ¡ Ã  CÃ¢mara.Rodrigo Maia prometeu aprovar a PEC em definitivo em atÃ© 20 dias."
-,03/04/2019 10:35:39,Brasil,-,â€œEsperamos que o governo Bolsonaro possa acordar para o diÃ¡logoâ€,https://www.oantagonista.com/brasil/esperamos-que-o-governo-bolsonaro-possa-acordar-para-o-dialogo/,"O deputado Wellington Roberto, novo lÃ­der do PR na CÃ¢mara, espera que o retorno de Jair Bolsonaro a BrasÃ­lia, apÃ³s a viagem Israel, marque uma nova fase na relaÃ§Ã£o com o Congresso.â€œEsperamos que o governo Bolsonaro possa acordar para o diÃ¡logo. NÃ£o Ã© uma questÃ£o de loteamento de cargos, mas, sim, de confianÃ§a para que a gente possa dar sequÃªncia Ã quilo que a sociedade espera.â€O parlamentar acrescentou que â€œmunicÃ­pios e estados cobram dos deputados aÃ§Ãµes e obras que sÃ£o oriundas do governo federalâ€."
-,03/04/2019 10:29:34,Brasil,-,â€œAlgumas atitudes sÃ£o praticamente insanasâ€,https://www.oantagonista.com/brasil/algumas-atitudes-sao-praticamente-insanas/,"Nem mesmo aliados de Jair Bolsonaro, como temos registrado, poupam mais os filhos do presidente de crÃ­ticas.Ontem, depois que FlÃ¡vio postou e tirou do ar a mensagem contra o Hamas, o deputado JerÃ´nimo Goergen comentou:â€œAlgumas atitudes sÃ£o praticamente insanas e irresponsÃ¡veis.â€â€œÃ‰ um erro o governo manter o debate ideolÃ³gico.Â Isso mantÃ©m o PT vivoâ€, acrescentou.Leia tambÃ©m:"
-,03/04/2019 10:25:22,Brasil,-,â€œVossa excelÃªncia deveria saber respeitar a hierarquiaâ€,https://www.oantagonista.com/brasil/vossa-excelencia-deveria-saber-respeitar-hierarquia/,"O deputado Marco Feliciano (Podemos), vice-lÃ­der do governo no Congresso, foi ao Twitter criticar Hamilton MourÃ£o por corrigir Jair Bolsonaro publicamente.â€œVossa excelÃªncia deveria saber respeitar a hierarquia.â€"
-,03/04/2019 10:12:02,Brasil,-,Senado pronto para votar hoje PEC do OrÃ§amento impositivo,https://www.oantagonista.com/brasil/senado-pronto-para-votar-hoje-pec-orcamento-impositivo/,"Em reuniÃ£o com lÃ­deres, Davi Alcolumbre acertou que a PEC do OrÃ§amento impositivo serÃ¡ mesmo votada ainda hoje no plenÃ¡rio do Senado.Antes disso, a proposta terÃ¡ de passar pela CCJ â€” a sessÃ£o vai comeÃ§ar daqui a pouco.Se os senadores alterarem o texto â€” Ã© o mais provÃ¡vel â€“, a PEC retornarÃ¡ Ã  CÃ¢mara para nova anÃ¡lise."
-,03/04/2019 10:08:44,Brasil,-,Quem controla a Secom?,https://www.oantagonista.com/brasil/quem-controla-secom/,"Segundo o EstadÃ£o, hÃ¡ uma disputa entre os militares e o grupo de Olavo de Carvalho pelo comando da Secom.A reportagem diz que os olavistas querem â€œa rÃ¡pida substituiÃ§Ã£o de Floriano Amorim por FÃ¡bio Wajngarten, que acompanhou Jair Bolsonaro na viagem a Israel.Se depender de Santos Cruz, no entanto, Amorim ainda fica, mesmo que seja deslocado para outra funÃ§Ã£o na pastaâ€.A Secom controla a verba de propaganda, tanto na imprensa quanto nas redes sociais.O Antagonista â€“ repetimos pela milionÃ©sima vez â€“ rejeita publicidade estatal e quer o fechamento da Secom."
-,03/04/2019 10:00:12,Brasil,-,Damares faz ronda no Senado para aprovar projeto antissuicÃ­dio,https://www.oantagonista.com/brasil/damares-faz-ronda-no-senado-para-aprovar-projeto-antissuicidio/,"Damares Alves passou o dia de ontem conversando com senadores para convencÃª-los a aprovar logo uma de suas metas no MinistÃ©rio da Mulher, FamÃ­lia e Direitos Humanos: obrigar hospitais e escolas a notificar o governo de tentativas de suicÃ­dio e automutilaÃ§Ã£o.O projeto de lei foi aprovado na semana passada na CÃ¢mara e agora a ministra quer que Davi Alcolumbre dÃª urgÃªncia Ã  tramitaÃ§Ã£o no Senado.Um dos objetivos imediatos Ã© dimensionar o tamanho do problema no paÃ­s e concentrar medidas de prevenÃ§Ã£o nos locais em que ele ocorre com mais frequÃªncia."
-,03/04/2019 09:59:35,Brasil,-,O petista bolsonarista contra Crivella,https://www.oantagonista.com/brasil/o-petista-bolsonarista-contra-crivella/,O autor do pedido de impeachment de Marcelo Crivella Ã© um servidor filiado ao PT que apoia Jair Bolsonaro.Ã‰ um bom retrato da barafunda carioca.
-,03/04/2019 09:59:04,Brasil,-,Revelem quem estÃ¡ fazendo o jogo duplo,https://www.oantagonista.com/brasil/revelem-quem-esta-fazendo-o-jogo-duplo/,"AlÃ©m de Paulo Guedes, o senador Omar Aziz, do PSD de Amazonas, parece incomodado com o jogo duplo de atores polÃ­ticos em relaÃ§Ã£o Ã  reforma da PrevidÃªncia.Ontem, o parlamentar disse que, em reuniÃµes fechadas em BrasÃ­lia, os governadores pedem empenho a favor da reforma, mas depois voltam aos estados e atacam publicamente a proposta. pede a Guedes e a Aziz: revelem quem estÃ¡ fazendo o jogo duplo.Leia tambÃ©m:"
-,03/04/2019 09:50:00,Brasil,-,â€œPasso para o papai?â€,https://www.oantagonista.com/brasil/passo-para-o-papai/,"Mensagens de WhatsApp reveladas pela Lava Jato provam que a mulher do coronel Lima reformou a casa da filha de Michel Temer, Maristela.E mais: o gasto com a reforma foi acertado diretamente entre o coronel Lima e o ex-presidente."
-,03/04/2019 09:40:48,Brasil,-,De petista para petista,https://www.oantagonista.com/brasil/de-petista-para-petista/,"NinguÃ©m deve comemorar o adiamento da manobra para soltar Lula.Diz JosÃ© NÃªumanne:â€œO pedido do petista Felipe Santa Cruz, presidente da OAB, para o petista Dias Toffoli, presidente do STF, para adiar a sessÃ£o, marcada para o dia 10, para julgar a eventual derrubada da autorizaÃ§Ã£o para prender condenados em segunda instÃ¢ncia Ã© sinal de que estÃ£o desistindo desse truque para soltar Lula.Mas nÃ£o comemore: a sessÃ£o pode ser adiada, mas nÃ£o suspensa, que seria o certo.â€"
-,03/04/2019 09:37:27,Economia,-,A desordem e a besteira,https://www.oantagonista.com/economia/desordem-e-besteira/,"O pacto federativo, diz Vinicius Torres Freire, vai frustrar todo mundo:â€œA economia esfria, o que deve azedar os Ã¢nimos no paÃ­s e, por tabela, no Congresso. Ã‚nimos azedos no Congresso pioram o humor econÃ´mico.A confianÃ§a de consumidores e empresas regride desde o inÃ­cio do ano. Virou fumaÃ§a a esperanÃ§a que sempre se reaviva na eleiÃ§Ã£o de um presidente (â€¦).O governo inventa mais moda. Debate o tal pacto federativo, em tese redistribuiÃ§Ã£o de recursos e deveres entre UniÃ£o, Estados e municÃ­pios.Ou o governo vai frustrar todo o mundo com essa histÃ³ria de divisÃ£o de dinheiro (nÃ£o hÃ¡ dinheiro) ou, se bobear, vai levar um tombo, perder recursos e ficar com um buraco maior nas contas.Ã‰ possÃ­vel. A desordem e a besteira estÃ£o grandes.â€"
-,03/04/2019 09:33:30,Brasil,-,â€œNÃ£o estou colando nem descolandoâ€,https://www.oantagonista.com/brasil/nao-estou-colando-nem-descolando/,"JoÃ£o Doria, em entrevista Ã  Folha de S. Paulo, disse que, â€œse a reforma nÃ£o for aprovada atÃ© a metade do ano, ela dificilmente vai ser aprovada no segundo semestreâ€.Ele disse tambÃ©m:â€œA nÃ£o consolidaÃ§Ã£o da reforma da PrevidÃªncia atÃ© a metade deste ano pode levar o Brasil ao caos econÃ´mico e ao caos social.Porque vai faltar dinheiro. E nÃ£o apenas para o governo federal. Vai faltar dinheiro para todos os estados, sem distinÃ§Ã£o. E o mesmo ocorrerÃ¡ em relaÃ§Ã£o aos municÃ­pios (â€¦).A inflexÃ£o do Brasil serÃ¡ sem a reforma da PrevidÃªncia e com a reforma da PrevidÃªncia. Sem: caos econÃ´mico e social, impondo aos mais pobres a perda de empregos e o empobrecimento das aÃ§Ãµes sociais de municÃ­pios, estados e do governo federal. NinguÃ©m escapa. Todos mergulharÃ£o no caos. Todos, sem exceÃ§Ã£o.â€Perguntado se estÃ¡ se descolando de Jair Bolsonaro, ele respondeu:â€œEu nÃ£o estou colando nem descolando. NÃ³s temos uma relaÃ§Ã£o boa, desde o inÃ­cio, mesmo antes da posse. Estabelecemos uma linha de diÃ¡logo, de conversaÃ§Ã£o, que tem se mantido. NÃ£o houve nenhuma modificaÃ§Ã£o. Eu dialogo bem com ele. E eu gosto do diÃ¡logo com o presidente Bolsonaro. Eu tenho que ser sincero nisso.Â Ele ouve. Ele processa o que escuta. Tem sido extremamente atencioso comigo, com SÃ£o Paulo.â€"
-,03/04/2019 09:30:57,Brasil,-,"Antes de procurar o Planalto, lÃ­der da bancada evangÃ©lica fala em â€˜consertar o altarâ€™",https://www.oantagonista.com/brasil/antes-de-procurar-o-planalto-lider-da-bancada-evangelica-fala-em-consertar-o-altar/,"O deputado Silas CÃ¢mara (PRB), recÃ©m-eleito presidente da frente parlamentar evangÃ©lica, disse a  que vai â€œpacificarâ€ a bancada antes de procurar uma interlocuÃ§Ã£o com o Planalto.â€œNÃ£o posso sair da minha casa sem ter convicÃ§Ã£o de que tudo estÃ¡ pacificado. Estou muito focado em consertar o altar.â€O parlamentar antecipou, porÃ©m, que Bolsonaro serÃ¡ cobrado a tocar â€œa pauta de costumesâ€ tÃ£o defendida durante a campanha.â€œVou conversar com a bancada antes, vamos ajustar a comunicaÃ§Ã£o da bancada, para ficar claro quem fala em nome dos evangÃ©licos. Mas Ã© certo que o Bolsonaro terÃ¡ grandes desafios pela frente.â€"
-,03/04/2019 09:16:52,Brasil,-,PEC anti-MourÃ£o,https://www.oantagonista.com/brasil/pec-anti-mourao/,"Sete deputados do PSL deram apoio Ã  PEC anti-MourÃ£o.Diz a Folha de S. Paulo:â€œO texto, feito por dois petistas, diz que â€˜em nenhuma hipÃ³tese o vice assumirÃ¡ o cargo em definitivoâ€™. Pela proposta, se o titular deixar o posto, o substituto seria escolhido em nova eleiÃ§Ã£o (â€¦).Os deputados do PSL sÃ³ se deram conta do teor do texto quando ele foi publicado no DiÃ¡rio da CÃ¢mara.â€"
-,03/04/2019 09:12:28,Economia,-,Ataque Ã  reforma na CCJ,https://www.oantagonista.com/economia/ataque-reforma-na-ccj/,"A reforma pode sofrer alteraÃ§Ãµes jÃ¡ na CCJ.Segundo o Valor, â€œuma emenda a ser apresentada Ã  proposta do governo suprime o sistema de capitalizaÃ§Ã£o, que seria adotado apenas para o trabalhador que ingressar no mercado de trabalho (â€¦).Outro trecho que serÃ¡ contestado Ã© a mudanÃ§a nas regras para os servidores que entraram na administraÃ§Ã£o pÃºblica antes de dezembro de 2003 e que, por isso, tÃªm direito, atualmente, a se aposentar com salÃ¡rio integral e a receber os mesmos reajustes dos servidores ativos (â€¦).A alÃ­quota progressiva de atÃ© 22% para a contribuiÃ§Ã£o previdenciÃ¡ria do servidor serÃ¡ contestada na CCJ por outra emenda, com o argumento de que a alÃ­quota tem carÃ¡ter confiscatÃ³rio e que poderÃ¡ ser derrubada pelo STF.â€"
-,03/04/2019 09:05:18,Economia,-,CentrÃ£o cobra os nÃºmeros,https://www.oantagonista.com/economia/centrao-cobra-os-numeros/,"Apesar dos apelos do presidente da CÃ¢mara, Rodrigo Maia, integrantes do CentrÃ£o nÃ£o pretendem facilitar a vida de Paulo Guedes na CCJ, diz a .Uma das principais cobranÃ§as que deputados do grupo pretendem fazer Ã© sobre a economia de 1,1 trilhÃ£o de reais prevista pela equipe econÃ´mica com a reforma da PrevidÃªncia. VÃ£o pedir para Guedes detalhar os nÃºmeros.Leia a nota completa ."
-,03/04/2019 09:00:31,Brasil,-,Novo lÃ­der da bancada evangÃ©lica vai propor mandato de um ano,https://www.oantagonista.com/brasil/novo-lider-da-bancada-evangelica-vai-propor-mandato-de-um-ano/,"O deputado Silas CÃ¢mara (PRB), recÃ©m-eleito presidente da frente parlamentar evangÃ©lica, quer mudar o estatuto para que a lideranÃ§a da bancada seja alterada todo ano â€” atualmente, o mandato Ã© de dois anos â€“, sem possibilidade de reeleiÃ§Ã£o na mesma legislatura.Ã‰ uma tentativa de apaziguar os Ã¢nimos do grupo depois que, pela primeira vez, houve uma forte disputa entre partidos e igrejas e o clima esquentou antes da escolha do presidente.â€œEssa mudanÃ§a no estatuto serÃ¡ importante para oxigenar a lideranÃ§a. Havia muita ansiedade em torno de quem fosse presidir a frente. Agora, nosso sentimento Ã© de paz. Eu nÃ£o sou de grupo nenhum e vou provar isso na composiÃ§Ã£o da diretoria da frente. Estamos em uma paz absoluta.â€"
-,03/04/2019 08:47:01,Cultura,-,Vingadores do Cinemark,https://www.oantagonista.com/cultura/vingadores-do-cinemark/,"O boicote ao Cinemark, segundo O Globo, nÃ£o deu muito certo.â€œHouve (atÃ© as 17h de ontem) mais de 172 mil menÃ§Ãµes Ã  rede no Twitter, segundo a FGV DAPP.Apesar disso, com o inÃ­cio da prÃ©-venda para â€˜Vingadores: Ultimatoâ€™, o Cinemark vendeu, em dez horas, mais da metade do total de ingressos comercializados nos 30 dias que antecederam a estreia de â€˜Vingadores: Guerra Infinitaâ€™ â€” o filme que teve a maior bilheteria do ano passado no Brasil.â€"
-,03/04/2019 08:40:43,Brasil,-,O abuso do Senado,https://www.oantagonista.com/brasil/o-abuso-senado/,"Davi Alcolumbre, depois de afundar a CPI da Lava Toga, quer aprovar o quanto antes a lei do abuso de autoridade:â€œTem que discutir. O nome jÃ¡ estÃ¡ falando, abuso. Ã‰ abuso de todo mundo, Ã© abuso policial, Ã© abuso de um mÃ©dico, Ã© abuso de delegado. Tem que discutir todo mundo, de um polÃ­tico. A gente tem que discutir.â€ ."
-,03/04/2019 08:30:34,Brasil,-,PSD nÃ£o fecharÃ¡ questÃ£o pela reforma,https://www.oantagonista.com/brasil/psd-nao-fechara-questao-pela-reforma/,"O PSD decidiu que nÃ£o vai fechar questÃ£o sobre a reforma da PrevidÃªncia, embora o partido jÃ¡ tenha se posicionado pela aprovaÃ§Ã£o da proposta, com algumas ressalvas.Isso quer dizer que os parlamentares estarÃ£o livres para votar, ainda que a orientaÃ§Ã£o seja o voto a favor."
-,03/04/2019 08:23:09,Brasil,-,O inconformismo dos militares,https://www.oantagonista.com/brasil/o-inconformismo-dos-militares/,"â€œJair Bolsonaro serÃ¡ instado pelos seus conselheiros militares a fazer um desagravo ao ministro Carlos Alberto dos Santos Cruz, alvo de uma campanha de difamaÃ§Ã£o por parte de Olavo de Carvalhoâ€, diz o EstadÃ£o.â€œHÃ¡ um inconformismo nas trÃªs ForÃ§as diante da baixeza dos ataques, sem contraponto de Bolsonaroâ€.O contraponto de presidente foi oferecido em Washington, com um jantar em homenagem a Olavo de Carvalho."
-,03/04/2019 08:10:55,Brasil,-,O projeto piloto de Moro contra a criminalidade,https://www.oantagonista.com/brasil/o-projeto-piloto-de-moro-contra-criminalidade/,"Sergio Moro vai apresentar nesta quinta-feira a Jair Bolsonaro um projeto piloto de combate Ã  criminalidade.Segundo O Globo, â€œo plano do ministro prevÃª inicialmenteÂ aÃ§Ãµes repressivas e preventivas em cinco cidades, uma em cada regiÃ£o do paÃ­s.Â Se derem resultados satisfatÃ³rios, as medidas deverÃ£o ser replicadas em outras cidadesâ€."
-,03/04/2019 08:04:06,Brasil,-,Lula no xadrez,https://www.oantagonista.com/brasil/lula-no-xadrez/,"Elio Gaspari argumenta que a  seria um bom negÃ³cio para Jair Bolsonaro:â€œA transferÃªncia de Lula para o regime domiciliar, aventada em junho do ano passado pelo advogado SepÃºlveda Pertence, foi rebarbada pelo PT. Supunha-se que Nosso Guia pudesse ser favorecido pela eleiÃ§Ã£o de um presidente-companheiro ou pelo clamor da rua. Nenhuma das duas coisas aconteceu.Para a turma de cabeÃ§a quente que defendia a transferÃªncia da embaixada do Brasil de Tel Aviv para JerusalÃ©m, o gambito de Bolsonaro oferecendo um escritÃ³rio comercial foi um gesto hÃ¡bil. Lula em casa seria um gesto de pacificaÃ§Ã£o histÃ³rica. Afinal, no ano passado 45% dos eleitores, nÃ£o podendo votar nele, votaram no seu candidato.â€A soltura do chefe da ORCRIM provocaria o descrÃ©dito do governo e da Lava Jato, alÃ©m de uma batalha nas ruas.O gambito de Bolsonaro Ã© manter Lula no xadrez."
-,03/04/2019 07:49:22,Brasil,-,Lulismo escancarado,https://www.oantagonista.com/brasil/lulismo-escancarado/,"Elio Gaspari quer tirar Lula da cadeia.Sim, ele sempre quis tirar Lula da cadeia, mas agora resolveu fazer um apelo pÃºblico por sua prisÃ£o domiciliar.O principal argumento do jornalista Ã© insuportavelmente desonesto:â€œLula encarcerado nÃ£o faz bem Ã  histÃ³ria do paÃ­s, como nÃ£o faz bem a lembranÃ§a de que JoÃ£o Goulart morreu na Argentina depois de 12 anos de desterro.â€Para Elio Gaspari, portanto, o encarceramento de Lula foi um golpe, como aquele que derrubou JoÃ£o Goulart. Ou entÃ£o ele considera que JoÃ£o Goulart foi um criminoso igual a Lula."
-,03/04/2019 07:30:42,Brasil,-,Paulo Guedes no paredÃ£o,https://www.oantagonista.com/brasil/paulo-guedes-no-paredao/,"Paulo Guedes comparecerÃ¡ hoje na ComissÃ£o de ConstituiÃ§Ã£o e JustiÃ§a da CÃ¢mara para defender a reforma da PrevidÃªncia.AtÃ© ontem Ã  noite, jÃ¡ havia mais de 60 deputados inscritos para perguntas.O ministro passou por um â€˜media trainingâ€™ para evitar enfrentamentos como o ocorrido com KÃ¡tia Abreu na semana passada.Ele tambÃ©m se cercou de assessores tÃ©cnicos e jurÃ­dicos.AcompanharÃ£o Guedes na sessÃ£o, por exemplo, JosÃ© Levi (PGFN), Marcelo Siqueira (assessor especial), RogÃ©rio Marinho (secretÃ¡rio especial da PrevidÃªncia) e Bruno Bianco (secretÃ¡rio especial adjunto).Â "
-,03/04/2019 07:24:49,Brasil,-,â€œNÃ£o fico prestando atenÃ§Ã£o no que ele falaâ€,https://www.oantagonista.com/brasil/nao-fico-prestando-atencao-no-que-ele-fala/,"O general Augusto Heleno, em Israel, foi perguntado sobre os ataques de Olavo de Carvalho.Ele respondeu:â€œEstou tÃ£o distante dele, assimâ€¦ NÃ£o fico prestando atenÃ§Ã£o no que ele fala, nÃ£o.â€"
-,03/04/2019 07:12:33,Brasil,-,Bolsonaro convoca lÃ­deres,https://www.oantagonista.com/brasil/bolsonaro-convoca-lideres/,"Jair Bolsonaro passou a convidar tambÃ©m lÃ­deres partidÃ¡rios do Congresso Nacional para reuniÃµes individuais, diz a .Os encontros estÃ£o sendo agendados para a prÃ³xima semana, depois das audiÃªncias com presidentes dos partidos do CentrÃ£o.Os assinantes da  podem ler a nota completa ."
-,03/04/2019 07:08:55,Economia,-,50% de reforma,https://www.oantagonista.com/economia/50-de-reforma/,"A Folha de S. Paulo, em editorial, defende a reforma previdenciÃ¡ria, mesmo que ela renda 500 bilhÃµes de reais em dez anos, a metade do que foi estimado por Paulo Guedes.Leia aqui:â€œApesar das demonstraÃ§Ãµes de inabilidade polÃ­tica do governo Jair Bolsonaro, felizmente menos notadas nos Ãºltimos dias, o cenÃ¡rio mais provÃ¡vel para a reforma da PrevidÃªncia permanece o de aprovaÃ§Ã£o neste ano.As circunstÃ¢ncias ainda sÃ£o as mais favorÃ¡veis jÃ¡ observadas para tal desde os anos 1990 (â€¦).Pela primeira vez, a empreitada merece a condiÃ§Ã£o de prioridade absoluta anunciada desde antes da posse do presidente, que poderÃ¡ aplicar na proposta o capital polÃ­tico de um inÃ­cio de mandato (â€¦).Desde o envio do texto ao Congresso, analistas buscam estimar quanto serÃ¡ preservado da poupanÃ§a de pouco mais de R$ 1 trilhÃ£o em dez anos estimada com as regras pretendidas. Num cÃ¡lculo grosseiro, especula-se que cifras acima de 50% seriam ao menos capazes de restabelecer algum Ã¢nimo entre empresÃ¡rios e investidores.â€"
-,03/04/2019 07:00:11,Brasil,-,Mais dinheiro para a campanha da PrevidÃªncia,https://www.oantagonista.com/brasil/mais-dinheiro-para-campanha-da-previdencia/,"O ministro Paulo Guedes mandou duplicar a verba publicitÃ¡ria para a campanha da PrevidÃªncia.SerÃ£o R$ 60 milhÃµes, remanejados do MinistÃ©rio da Economia para a Secretaria de ComunicaÃ§Ã£o da PresidÃªncia.AtÃ© agora, o governo jÃ¡ desembolsou R$ 17 milhÃµes â€“ mas o resultado prÃ¡tico Ã© desconhecido. Michel Temer torrou R$ 190 milhÃµes e nÃ£o conseguiu aprovar sua proposta de PrevidÃªncia.Â "
-,03/04/2019 06:45:36,Brasil,-,â€œA tendÃªncia Ã© que a gente continue a vender para o mundo Ã¡rabeâ€,https://www.oantagonista.com/brasil/tendencia-e-que-gente-continue-vender-para-o-mundo-arabe/,"O general Augusto Heleno disse para o Valor que a abertura de um escritÃ³rio comercial em JerusalÃ©m nÃ£o deve atrapalhar os negÃ³cios com o mundo Ã¡rabe:â€œA polÃ­tica econÃ´mica externa Ã© baseada em interesses. Os interesses polÃ­ticos raramente superaram os econÃ´micos. EntÃ£o a tendÃªncia Ã© que a gente continue a vender para o mundo Ã¡rabe. Temos uma relaÃ§Ã£o comercial com eles muito boa, nosso produto Ã© muito bom, estÃ¡ adaptado Ã s exigÃªncias do mundo Ã¡rabe.â€"
-,03/04/2019 06:33:38,Brasil,-,STF adia soltura de Lula,https://www.oantagonista.com/brasil/stf-adia-soltura-de-lula/,"O pedido da OAB para adiar o julgamento no STF sobre a prisÃ£o em segundo grau foi capitaneado por Dias Toffoli.Segundo O Globo, â€œo argumento Ã© que nÃ£o hÃ¡ clima para julgar o tema que pode culminar na soltura do ex-presidente Lula (â€¦). A avaliaÃ§Ã£o dos ministros Ã© que nÃ£o Ã© hora de comprar mais uma briga com a opiniÃ£o pÃºblicaâ€.Na verdade, os ministros do STF nÃ£o dÃ£o a menor pelota para a opiniÃ£o pÃºblica. A petezada sÃ³ decidiu melar o julgamento porque, neste momento, Ã© grande o risco de derrota."
-,03/04/2019 06:30:30,Brasil,-,Pacote de Moro dÃ¡ maior proteÃ§Ã£o a agentes de seguranÃ§a,https://www.oantagonista.com/brasil/pacote-de-moro-da-maior-protecao-agentes-de-seguranca/,"AlÃ©m de , como mostramos mais cedo, o pacote anticrime de Sergio Moro tambÃ©m inova em relaÃ§Ã£o ao projeto de Alexandre de Moraes no tocante Ã  seguranÃ§a jurÃ­dica de policiais.O pacote amplia as hipÃ³teses de legÃ­tima defesa ao prever que o agente de seguranÃ§a se livra da puniÃ§Ã£o se, numa situaÃ§Ã£o de conflito armado (ou em risco iminente disso), comete um crime (como matar) para â€œprevenir injusta e iminente agressÃ£o a direito seu ou de outremâ€.A proposta de Moraes nÃ£o trata dos agentes policiais, e sÃ³ repete a atual regra da legÃ­tima defesa para aplicÃ¡-la a quem, â€œusando moderadamente dos meios necessÃ¡rios, repele injusta agressÃ£o, atual ou iminente, a direito seu ou de outremâ€."
-,03/04/2019 06:15:31,Brasil,-,Santos Cruz diz que Olavo Ã© â€œpersonalidade histÃ©ricaâ€,https://www.oantagonista.com/brasil/santos-cruz-diz-que-olavo-e-personalidade-histerica/,"O general Santos Cruz, entrevistado por Roberto Dâ€™Ãvila, na GloboNews, comentou os ataques de Olavo de Carvalho:â€œA gente tem de tomar muito cuidado quando estÃ¡ lidando com uma personalidade histÃ©rica.â€"
-,03/04/2019 06:00:08,Brasil,-,Pacote de Moro cobre falhas do projeto de Moraes contra facÃ§Ãµes,https://www.oantagonista.com/brasil/pacote-de-moro-cobre-falhas-projeto-de-moraes-contra-faccoes/,"Embora o pacote anticrime tenha sido desdenhado por Rodrigo Maia como um â€œcopia e colaâ€ de projeto de lei de Alexandre de Moraes, a proposta de Sergio Moro traz inovaÃ§Ãµes nÃ£o previstas no texto que jÃ¡ tramitava na CÃ¢mara.Uma das partes mais importantes do projeto â€“ que agora tambÃ©m tramita simultaneamente no Senado â€“, diz respeito ao combate Ã s organizaÃ§Ãµes criminosas.Enquanto o pacote de Moro inclui facÃ§Ãµes como o PCC e as milÃ­cias nesses grupos, o projeto de Moraes nÃ£o muda em nada muda a lei atual.A nova proposta tambÃ©m abre a possibilidade de PolÃ­cia Federal e MinistÃ©rio PÃºblico formarem equipes conjuntas para perseguir grupos terroristas internacionais, por exemplo.O projeto de Moraes, por outro lado, traz formas de combate Ã s organizaÃ§Ãµes criminosas nÃ£o previstas no pacote de Moro.Uma delas Ã© a infiltraÃ§Ã£o de policiais em redes sociais e aplicativos usados pelos membros do grupo criminoso. As empresas de tecnologia seriam obrigadas a fornecer os dados e senhas necessÃ¡rias para a investigaÃ§Ã£o."
-,03/04/2019 05:01:32,Brasil,-,â€œA arrogÃ¢ncia precede a ruÃ­naâ€,https://www.oantagonista.com/brasil/arrogancia-precede-ruina/,"A queda de popularidade de Jair Bolsonaro, segundo o presidente da bancada evangÃ©lica, Silas CÃ¢mara, recomenda um â€œfreio de arrumaÃ§Ã£oâ€.Ele disse ao BuzzFeed:â€œDiz a BÃ­blia que a arrogÃ¢ncia precede a ruÃ­na. Acho perigosa essa histÃ³ria do â€˜ninguÃ©m fala a verdadeâ€™, â€˜as pesquisas sÃ£o mentirosasâ€™, â€˜sÃ³ eu sei de tudoâ€™. Essa coisa de a rede social Ã© meu Deus e ninguÃ©m mais fora dela. Precisa de um freio de arrumaÃ§Ã£o. Essa queda de popularidade, essas brigasâ€¦ NÃ£o seriam um sinal de que Ã© preciso parar e pensar no Brasil por um minuto?â€"
-,03/04/2019 04:28:41,Brasil,-,Bolsonaro: â€œEu combatia esse pessoal da esquerdalha desde 1970â€,https://www.oantagonista.com/brasil/bolsonaro-eu-combatia-esse-pessoal-da-esquerdalha-desde-1970/,"Jair Bolsonaro, em Tel Aviv, disse que nÃ£o quer encrenca com os paÃ­ses Ã¡rabes:â€œFui convidado por vÃ¡rios paÃ­ses Ã¡rabes. NÃ£o estamos procurando encrenca com ninguÃ©m. Quero Ã© soluÃ§Ã£o! Todos aqueles que puderem fazer negÃ³cios conosco da minha parte vai ter todo carinho e consideraÃ§Ã£o. Mas tenho que respeitar o Estado de Israel. Respeito o povo palestino. NÃ£o posso concordar com grupos terroristas, pois estaria contra a minha biografia que combatia esse pessoal da â€˜esquerdalhaâ€™ desde 1970, quando era garoto. Meu compromisso Ã© com Israelâ€."
-,03/04/2019 04:24:44,Brasil,-,Bolsonaro: â€œNÃ£o existe projeto que nÃ£o tem mudanÃ§aâ€,https://www.oantagonista.com/brasil/bolsonaro-nao-existe-projeto-que-nao-tem-mudanca/,"Jair Bolsonaro estÃ¡ a caminho do Brasil.No aeroporto de Tel Aviv, antes de embarcar, ele conversou com jornalistas:â€œVamos jogar pesado na PrevidÃªncia, porque Ã© um marco. Se der certo, tem tudo para fazer o Brasil decolar.â€Ele sabe que a PEC vai ser depauperada pelo Congresso:â€œO deputado, na ponta da linha, sabe onde o calo aperta. A boa PrevidÃªncia Ã© a que passa. Quem vai bater o pÃªnalti Ã© CÃ¢mara, e depois Senado. O Parlamento Ã© soberano para fazer os polimentos. Gostaria que passasse como chegou. Mas nÃ£o existe projeto que nÃ£o tem mudanÃ§a, Ã© coisa rara de acontecer.â€"
-,02/04/2019 21:15:38,Brasil,-,"Recebimento de denÃºncia por Bretas â€˜estava anunciadoâ€™, diz advogado de Temer",https://www.oantagonista.com/brasil/recebimento-de-denuncia-por-bretas-estava-anunciado-diz-advogado-de-temer/,"Eduardo CarnelÃ³s, o advogado de Michel Temer, afirmou em nota que o recebimento da denÃºncia contra o ex-presidente por Marcelo Bretas â€œestava anunciadoâ€, registra o EstadÃ£o.Hoje, o juiz da Lava Jato no RioÂ  contra Temer feitas pela forÃ§a-tarefa da operaÃ§Ã£o, e o emedebista responderÃ¡ por corrupÃ§Ã£o, peculato e lavagem de dinheiro.â€œConsiderando-se como foram decretada a prisÃ£o e determinadas outras medidas constritivas contra o ex-presidente, o recebimento da denÃºncia estava anunciadoâ€, escreveu CarnelÃ³s.â€œMichel Temer nunca praticou nenhum dos crimes narrados, e as acusaÃ§Ãµes insistem em versÃµes fantasiosas, como a de que Temer teria ingerÃªncia nos negÃ³cios realizados por empresa que nunca lhe pertenceuâ€, prossegue a nota.â€œAinda que tardiamente, essas e as demais acusaÃ§Ãµes que se fazem ao ex-presidente terÃ£o o destino que merecem: a lata de lixo da HistÃ³ria!â€, conclui o advogado."
-,02/04/2019 21:00:10,Brasil,-,"â€˜Chega, nÃ£o dÃ¡ maisâ€™, diz presidente da frente ruralista a lÃ­deres do governo",https://www.oantagonista.com/brasil/chega-nao-da-mais-diz-presidente-da-frente-ruralista-lideres-governo/,"Alceu Moreira, o presidente da Frente Parlamentar da AgropecuÃ¡ria â€“que hoje â€“, reclamou de FlÃ¡vio Bolsonaro a Joice Hasselmann e Vitor Hugo, lÃ­deres do governo no Congresso.O motivo foi um tuÃ­te do filho mais velho de Jair Bolsonaro. O senador postou â€“e depois apagouâ€“ â€œQuero que vocÃªs se explodamâ€, em resposta a uma nota de repÃºdio do grupo terrorista Hamas Ã  abertura de um escritÃ³rio de negÃ³cios pelo governo brasileiro em JerusalÃ©m.â€œChega! Chegamos ao limite! NÃ£o dÃ¡ mais! Acabou a paciÃªncia!â€, disse Alceu, referindo-se ao tuÃ­te, a Joice e Vitor Hugo, segundo o relato de O Globo.Desde que Bolsonaro prometeu mudar a embaixada brasileira de Tel Aviv para JerusalÃ©m, a FPA negocia um recuo do Planalto, por temor de perder mercado nos paÃ­ses Ã¡rabes.Na viagem a Israel, o presidente decidiu abrir apenas um escritÃ³rio de negÃ³cios em JerusalÃ©m."
-,02/04/2019 20:47:14,Brasil,-,Moro rebate crÃ­ticas a Wilson Damazio,https://www.oantagonista.com/brasil/moro-rebate-criticas-wilson-damazio/,"O ministro Sergio Moro rebateu as crÃ­ticas Ã  nomeaÃ§Ã£o de Wilson Damazio para o Conselho Nacional de PolÃ­tica Criminal e PenitenciÃ¡ria.Ele disse a O Antagonista que o delegado da PF aposentado â€œfoi um dos responsÃ¡veis pela implantaÃ§Ã£o do sistema penitenciÃ¡rio federalâ€.â€œSua escolha foi por questÃµes tÃ©cnicas. Quanto Ã s suas declaraÃ§Ãµes proferidas anos atrÃ¡s, ele jÃ¡ pediu desculpas na Ã©poca e elas nÃ£o refletem a posiÃ§Ã£o do MinistÃ©rio da JustiÃ§a e da SeguranÃ§a PÃºblica.â€"
-,02/04/2019 20:40:46,Brasil,-,Aliados de Crivella dominam comissÃ£o que analisa seu impeachment,https://www.oantagonista.com/brasil/aliados-de-crivella-dominam-comissao-que-analisa-seu-impeachment/,"A comissÃ£o processante que vai analisar o pedido deÂ impeachment de Marcelo Crivella, com trÃªs vereadores, serÃ¡ formada por dois aliados do prefeito do Rio, registra a Folha.Foram sorteados para integrar o grupo o ex-secretÃ¡rio da Casa Civil Paulo Messina, que reassumiu o mandato apenas para votar pela rejeiÃ§Ã£o da denÃºnciaâ€‹, e Luiz Carlos Ramos Filho, que tambÃ©m votou contra a abertura do processo.O outro vereador Ã© William Coelho, que votou pela abertura do processo. Todo o trabalho da comissÃ£o serÃ¡ submetido ao plenÃ¡rio da CÃ¢mara Municipal.A expectativa do governo Ã© que a negociaÃ§Ã£o com vereadores possa ser reaberta durante os trabalhos da comissÃ£o processante."
-,02/04/2019 20:20:34,Mundo,-,SÃ³ 11% acreditam em tese de Maduro sobre â€˜sabotagemâ€™,https://www.oantagonista.com/mundo/11-acreditam-em-tese-de-maduro-sobre-sabotagem/,"SÃ³ 11% dos moradores da Venezuela acreditam em NicolÃ¡s Maduro quando ele diz que os apagÃµes do paÃ­s sÃ£o furto de â€œsabotagemâ€.Os dados, informa Duda Teixeira, sÃ£o da empresa de pesquisas MeganÃ¡lisis.Leia em :"
-,02/04/2019 20:10:02,Brasil,-,Maia defende regime de capitalizaÃ§Ã£o â€œhÃ­bridoâ€,https://www.oantagonista.com/brasil/maia-defende-regime-de-capitalizacao-hibrido/,"Rodrigo Maia esclareceu hÃ¡ pouco, na CÃ¢mara, a declaraÃ§Ã£o de que o modelo de capitalizaÃ§Ã£o proposto na reforma da PrevidÃªncia nÃ£o serÃ¡ aprovado.Segundo ele, o novo sistema nÃ£o serÃ¡ sustentÃ¡vel porque â€œa renda do brasileiro Ã© baixaâ€. Ele sugere um modelo hÃ­brido.â€œAcho que a capitalizaÃ§Ã£o vai passar, mas em um sistema que garanta a obrigatoriedade da contribuiÃ§Ã£o patronal, uma renda mÃ­nima.â€"
-,02/04/2019 20:00:10,Mundo,-,RÃºssia anuncia centro de manutenÃ§Ã£o de helicÃ³pteros na Venezuela,https://www.oantagonista.com/mundo/russia-anuncia-centro-de-manutencao-de-helicopteros-na-venezuela/,"A empresa estatal russa Russian Helicopters anunciou hoje que abrirÃ¡ nos prÃ³ximos meses um centro de manutenÃ§Ã£o de helicÃ³pteros na Venezuela, conta Duda Teixeira em .A ditadura de NicolÃ¡s Maduro continua gastando com armas, enquanto os venezuelanos sofrem com fome e falta de remÃ©dios.Leia a reportagem:"
-,02/04/2019 19:55:38,Brasil,-,Deputados rejeitam permissÃ£o para devolver sobras do Fundo PartidÃ¡rio,https://www.oantagonista.com/brasil/deputados-rejeitam-permissao-para-devolver-sobras-fundo-partidario/,"Com 294 votos contrÃ¡rios, a CÃ¢mara rejeitou proposta do deputado Marcel van Hattem (Novo-RS) para permitir aos partidos devolver recursos que nÃ£o usam do Fundo PartidÃ¡rio.O PSL fechou questÃ£o contra a proposta e somente 144 deputados votaram a favor.A proposta foi feita dentro do projeto de lei que ameniza puniÃ§Ãµes aos partidos que nÃ£o aplicam ao menos 5% do fundo no incentivo Ã  participaÃ§Ã£o das mulheres na polÃ­tica."
-,02/04/2019 19:53:57,Brasil,-,Frente Parlamentar do Agro apoia reforma da PrevidÃªncia,https://www.oantagonista.com/brasil/frente-parlamentar-agro-apoia-reforma-da-previdencia/,"A Frente Parlamentar da AgropecuÃ¡ria declarou apoio Ã  reforma da PrevidÃªncia.O anÃºncio foi feito hÃ¡ pouco pelo deputado Alceu Moreira (MDB-RS), presidente da frente, ao lado do presidente da CNA, JoÃ£o Martins, e dos presidentes 27 federaÃ§Ãµes estaduais de agricultura.â€œNÃ³s da FPA, junto com a CNA, temos a absoluta convicÃ§Ã£o que a reforma da previdÃªncia vai nos dar fÃ´lego fiscal para fazer investimentos em Ã¡reas importantÃ­ssimas do paÃ­s, inclusive para comeÃ§ar a mobilizar a roda de geraÃ§Ã£o de emprego para a populaÃ§Ã£o. Vamos fazer o melhor possÃ­vel, mas vamos aprovar a reforma da previdÃªnciaâ€, disse Moreira.Ele ressaltou ainda as possÃ­veis discordÃ¢ncias que o texto enviado pelo governo ao Congresso podem ter dentro do setor rural, como os benefÃ­cios de prestaÃ§Ã£o continuada (BPC), e a idade mÃ­nima de aposentadoria.â€œO impacto financeiro deste processo nÃ£o Ã© tÃ£o grande assim, entÃ£o nÃ³s podemos discutir tecnicamente para encontrar saÃ­daâ€, afirmou.Â "
-,02/04/2019 19:45:30,Brasil,-,MourÃ£o recua e diz que Bolsonaro nÃ£o sabia de vÃ­deo prÃ³-golpe,https://www.oantagonista.com/brasil/mourao-recua-e-diz-que-bolsonaro-nao-sabia-de-video-pro-golpe/,"Hamilton MourÃ£o afirmou hoje que, ao contrÃ¡rio do que disse na segunda, Jair BolsonaroÂ nÃ£o tinha ciÃªncia da divulgaÃ§Ã£o de um vÃ­deo prÃ³-golpe de 1964 por um nÃºmero de WhatsApp do Planalto, registra O Globo.â€œEm tese, ele deveria saber. Agora sei que ele nÃ£o sabiaâ€, declarou o presidente interino a jornalistas.Hoje, o empresÃ¡rio e ex-vice-presidente do Corinthians Osmar StÃ¡bile ."
-,02/04/2019 19:39:24,Internet,-,"Enquanto isso, no mundo realâ€¦",https://www.oantagonista.com/internet/enquanto-isso-no-mundo-real/,"Enquanto as redes sociais discutem o Nazismo, Modesto Carvalhosa alerta para mais uma tragÃ©dia brasileira.Da direita Ã  esquerda.TragÃ©dia anunciada:1 O FUNDO DA VERGONHA custeia campanhas polÃ­ticas;2 O projeto de lei do dep. Paulinho da ForÃ§a anistia partidos eximindo responsabilidades tributÃ¡rias;3 Crimes de caixa 2 sÃ£o encaminhados para JustiÃ§a Eleitoral; Ou seja: VITÃ“RIA da IMPUNIDADE. E vocÃª paga.â€” Modesto Carvalhosa (@CarvalhosaMo) "
-,02/04/2019 19:28:28,Brasil,-,Campanha da PrevidÃªncia jÃ¡ consumiu 30 milhÃµes,https://www.oantagonista.com/brasil/campanha-da-previdencia-ja-consumiu-30-milhoes/,"O governo destinou R$ 30 milhÃµes para a campanha da reforma da PrevidÃªncia.O dinheiro foi remanejado do MinistÃ©rio da Economia para a Secretaria de ComunicaÃ§Ã£o, pois o ministro Santos Cruz nÃ£o queria gastar 1 real.Boa parte da verba foi paraÂ empresas de aceleraÃ§Ã£o digital. Tem gente na PresidÃªncia duvidando do resultado da estratÃ©gia de comunicaÃ§Ã£o."
-,02/04/2019 19:21:13,Brasil,-,"â€˜A arrogÃ¢ncia precede a ruÃ­naâ€™, diz lÃ­der evangÃ©ico sobre Bolsonaro",https://www.oantagonista.com/brasil/arrogancia-precede-ruina-diz-lider-evangeico-sobre-bolsonaro/,"O deputado Silas CÃ¢mara, do PRB do Amazonas, recÃ©m-eleito lÃ­der da bancada evangÃ©lica no Congresso, fez uma sÃ©rie de crÃ­ticas a Jair Bolsonaro em entrevista ao site BuzzFeed.Para CÃ¢mara, as atitudes do presidenteÂ dificultam a aprovaÃ§Ã£o da reforma da PrevidÃªncia â€” preocupaÃ§Ã£o que, para ele, deveria ser mais do governo que do Congresso.â€œDiz a BÃ­blia que a arrogÃ¢ncia precede a ruÃ­na. Acho perigosa essa histÃ³ria do â€˜ninguÃ©m fala a verdadeâ€™, â€˜as pesquisas sÃ£o mentirosasâ€™, do â€˜sÃ³ eu sei de tudoâ€™. Essa coisa de a rede social Ã© meu Deus e ninguÃ©m mais fora dela. Precisa de um freio de arrumaÃ§Ã£oâ€, afirmou o deputado."
-,02/04/2019 19:15:04,Brasil,-,Foi o Carluxo,https://www.oantagonista.com/brasil/foi-o-carluxo/,"FlÃ¡vio Bolsonaro provavelmente se arrependeu da postagem contra o Hamas e retirou o tuÃ­te do ar.NÃ£o tem problema, senador. Pode dizer que o Carluxo pegou sua senha."
-,02/04/2019 18:48:02,Brasil,-,Com direito a acompanhante,https://www.oantagonista.com/brasil/com-direito-acompanhante/,"Raquel Dodge vai participar da Brazil Conference, evento organizado por Harvard e MIT, no prÃ³ximo fim de semana.LevarÃ¡ consigo a sua chefe de gabinete, a procuradora Mara Elisa de Oliveira, que nÃ£o vai dar conferÃªncia nenhuma.As despesas ficarÃ£o a cargo do MinistÃ©rio PÃºblico Federal.A assessoria de Ã³rgÃ£o esclarece que a presenÃ§a da chefe de gabinete Ã© importante para resolver questÃµes prÃ¡ticas da viagem, bem como na elaboraÃ§Ã£o de despachos com prazos processuais."
-,02/04/2019 18:41:50,Brasil,-,"â€˜De esquerda Ã© o comunismo, nÃ£o resta a mÃ­nima dÃºvidaâ€™, diz MourÃ£o",https://www.oantagonista.com/brasil/de-esquerda-e-o-comunismo-nao-resta-minima-duvida-diz-mourao/,"Hamilton MourÃ£o foi questionado hoje sobre as declaraÃ§Ãµes de Jair BolsonaroÂ apÃ³s visitar o Centro Mundial de MemÃ³ria do Holocausto â€“o presidente brasileiro disse que o nazismo era um regime de esquerda.â€œDe esquerda Ã© o comunismo, nÃ£o resta a mÃ­nima dÃºvidaâ€, respondeu o presidente interino, de acordo com o relato do G1."
-,02/04/2019 18:34:39,Brasil,-,"Para conselheiro nomeado por Moro, mulheres tÃªm tara por policiais",https://www.oantagonista.com/brasil/para-conselheiro-nomeado-por-moro-mulheres-tem-tara-por-policiais/,"Sergio Moro empossou no MinistÃ©rio da JustiÃ§a um conselheiro que, em entrevistas, associou a homossexualidade a â€œdesvio de condutaâ€ e afirmou que, para a mulher Ã© o mÃ¡ximo â€œestar dando para um policialâ€, registra a Folha.As declaraÃ§Ãµes foram dadas pelo delegado federal aposentado Wilson DamÃ¡zio, que assumiu na semana passada vaga noÂ Conselho Nacional de PolÃ­tica Criminal e PenitenciÃ¡ria.O cargo de conselheiro Ã© o mesmo oferecido em fevereiro Ã  ativista Ilona SzabÃ³, cuja indicaÃ§Ã£o foi revogada por Moro por ordem de Jair Bolsonaro.Em entrevista ao Jornal do Commercio em 2013, quando eraÂ secretÃ¡rio de Defesa Social de Pernambuco, DamÃ¡zio foi questionado sobre casos de exploraÃ§Ã£o sexual de meninas por policiais.â€œDesvio de conduta a gente tem em todo lugar. Tem na casa da gente, tem um irmÃ£o que Ã© homossexual, tem outro que Ã© ladrÃ£o, entendeu?â€, disse o entÃ£o secretÃ¡rio.Na ocasiÃ£o, DamÃ¡zio afirmou tambÃ©m que o policial â€œexerce um fascÃ­nio no dito sexo frÃ¡gilâ€.â€œÃ‰ um negÃ³cio. Eu sou policial federal, feio pra câ€¦ A gente ia pra Floresta (sertÃ£o), para esses lugares. Quando chegÃ¡vamos lÃ¡, colocÃ¡vamos o colete, as meninas ficavam tudo sassaricadas. (â€¦) Pra ela Ã© o mÃ¡ximo estar dando pra um policial. Dentro da viatura, entÃ£o, o fetiche vai lÃ¡ em cima, Ã© coisa de doido.â€Ele perdeu o cargo depois dessa entrevista."
-,02/04/2019 18:18:48,Brasil,-,Carlos Bolsonaro vota a favor de impeachment de Crivella,https://www.oantagonista.com/brasil/carlos-bolsonaro-vota-favor-de-impeachment-de-crivella/,"Carlos Bolsonaro foi um dos vereadores do Rio que votaram a favor da abertura de processo de impeachment contra Marcelo Crivella, registra O Globo.Em julho do ano passado, o filho do presidenteÂ faltou Ã  votaÃ§Ã£o de outro processo de impeachment movido contra o prefeito do Rio.Na Ã©poca, Carlos disse ter ficado diante de uma â€œfaca de dois gumesâ€: â€œSe estou presente e voto com o prefeito, vÃ£o dizer que ele me comprou. Se eu estou presente e voto contra o prefeito, vÃ£o dizer que estou do lado do PSOLâ€.No segundo turno da eleiÃ§Ã£o de 2016, os Bolsonaros pediram voto para Crivella. O prefeito, por sua vez, elogiou a candidatura de Jair Ã  PresidÃªncia."
-,02/04/2019 18:07:36,Sociedade,-,"Bairro de MaceiÃ³ afunda, e Braskem Ã© acusada",https://www.oantagonista.com/sociedade/bairro-de-maceio-afunda-e-braskem-e-acusada/,"O MinistÃ©rio PÃºblico e a Defensoria PÃºblica de Alagoas pediram hoje o bloqueio de R$ 6,7 bilhÃµes da Braskem e a indisponibilidade das aÃ§Ãµes da empresa negociadas em Bolsa, registra a Folha.OÂ objetivo Ã©Â reparar eventuais danos a moradoresÂ do bairro do Pinheiro, em MaceiÃ³, onde o solo afundou e hÃ¡ rachaduras em casas e edifÃ­cios â€“cerca de 200 moradores deixaram suas casas, e a prefeitura decretou emergÃªncia na regiÃ£o.As autoridades dizem ter oito indÃ­cios de que os eventos tÃªm a ver com a mineraÃ§Ã£o de sal-gema feita pela Braskem na regiÃ£o.Em nota, a empresa diz que estÃ¡ colaborando com as autoridades e queÂ â€œnÃ£o hÃ¡, atÃ© o momento, laudo conclusivo que demonstre a relaÃ§Ã£o entre as atividades da Braskem e os eventos observadosâ€."
-,02/04/2019 17:50:51,Brasil,-,Engenheiros poderÃ£o ficar calados na CPI de Brumadinho,https://www.oantagonista.com/brasil/engenheiros-poderao-ficar-calados-na-cpi-de-brumadinho/,"Rosa Weber concedeu habeas corpus para queÂ engenheiros da empresa TÃ¼v SÃ¼d possam ficar em silÃªncio durante depoimento amanhÃ£ na CPI da Brumadinho, no Senado.Os engenheiros Jum Yassuda e Makoto Namba nÃ£o precisarÃ£o responder a perguntas, nem serÃ£o obrigados a firmar termo de compromisso de falar a verdade.A dupla tambÃ©m Ã© investigada pela JustiÃ§a."
-,02/04/2019 17:45:44,Brasil,-,Impeachment de Crivella Ã© aberto,https://www.oantagonista.com/brasil/impeachment-de-crivella-e-aberto/,"A CÃ¢mara Municipal acaba de aprovar, por 35 votos a 14, a abertura de processo de impeachment do prefeito do Rio, Marcelo Crivella.Durante aÂ anÃ¡lise da denÃºncia, ele permanecerÃ¡ no cargo. O prefeito terÃ¡ dez dias para apresentar sua defesa, apÃ³s a publicaÃ§Ã£o da admissibilidade no DiÃ¡rio Oficial, e uma comissÃ£o com trÃªs vereadores terÃ¡ atÃ© 90 dias para apresentar um relatÃ³rio.Na denÃºncia, o prefeito do PRB Ã© acusado de crime de responsabilidade por conta da renovaÃ§Ã£o de contratos de mobiliÃ¡rios urbanos em dezembro de 2018, que teriam favorecido duas empresas."